"applieddate","coissueddate","companyname","completeddate","description","estprojectcostdec","estprojectcosttext","expiresdate","fee","issueddate","jurisdiction","latitude","link","longitude","originaladdress1","originalcity","originalstate","originalzip","permitclass","permitclassmapped","permitnum","permittype","permittypemapped","pin","proposeduse","statuscurrent","statuscurrentmapped","totalsqft","units","workclass","workclassmapped"
"2016-04-26T00:00:00.000",,"""JOSEPH M SIZEMORE""",,"Plumbing Permits","5000","5000","2017-04-26T00:00:00.000","160.59","2016-04-26T00:00:00.000","CINCINNATI","39.1170963276423","http://cagis.hamilton-co.org/opal/apd.aspx?QSPerm=2016P02936","-84.4436996396553","236 SETCHELL ST","CINCINNATI","OH","45226","RCO","Residential","2016P02936","CBPCPLGW","Plumbing Permits","""002800020051""","""1-2-3 FM""","ISSUED","Permit Issued",,"1","RNEW","New"
"2014-07-21T00:00:00.000",,"""SEHLHORST EQUIPMENT SERVICES CO INC""","2016-04-26T00:00:00.000","Excavation/Fill","0","0","2016-10-23T00:00:00.000","234","2014-09-10T00:00:00.000","CINCINNATI","39.1073364160581","http://cagis.hamilton-co.org/opal/apd.aspx?QSPerm=2014P05540","-84.5625132494761","909 HAWTHORNE AV","CINCINNATI","OH","45205","OBC","Non-Residential","2014P05540","CBPCEF","Excavation/Fill","""017500170023""","""VAC""","CLOSED","Permit Finaled",,"0","COMM","Existing"
"2016-04-26T00:00:00.000",,"""JAMES D SCHROTH/ ARCHIABLE ELECTRIC""",,"Fire Protection Systems","0","0",,"84",,"CINCINNATI","39.1031741333742","http://cagis.hamilton-co.org/opal/apd.aspx?QSPerm=2016P03430","-84.5073978025308","301 E 6TH ST","CINCINNATI","OH","45202","OBC","Non-Residential","2016P03430","CBPCFAP","Fire Protection Systems","""007800020063""","""B""","ROUTE","In Review","0","0","CALT","Existing"
"2015-02-13T00:00:00.000",,"""CINCINNATI HABITAT FOR HUMANITY""","2016-04-26T00:00:00.000","Excavation/Fill","0","0","2016-03-08T00:00:00.000","1455.47","2015-03-09T00:00:00.000","CINCINNATI","39.1378514761711","http://cagis.hamilton-co.org/opal/apd.aspx?QSPerm=2015P01325","-84.5491894580772","1620 HOPPLE CT","CINCINNATI","OH","45225","RCO","Residential","2015P01325","CBPCBCP","Excavation/Fill","""020100380181""","""1-2-3 FM""","CLOSED","Permit Finaled",,"0","RNEW","New"
"2015-02-13T00:00:00.000",,"""CINCINNATI HABITAT FOR HUMANITY""","2016-04-26T00:00:00.000","HVAC","5000","5000","2016-03-08T00:00:00.000","1455.47","2015-03-09T00:00:00.000","CINCINNATI","39.1378514761711","http://cagis.hamilton-co.org/opal/apd.aspx?QSPerm=2015P01325","-84.5491894580772","1620 HOPPLE CT","CINCINNATI","OH","45225","RCO","Residential","2015P01325","CBPCBCP","HVAC","""020100380181""","""1-2-3 FM""","CLOSED","Permit Finaled",,"0","RNEW","New"
"2016-04-26T00:00:00.000",,,,"Alteration","0","0",,"84",,"CINCINNATI","39.1210838669595","http://cagis.hamilton-co.org/opal/apd.aspx?QSPerm=2016P03433","-84.5102006805373","2139 AUBURN AV","CINCINNATI","OH","45219","OBC","Non-Residential","2016P03433","CBPCBCP","Building","""008800080170""","""U""","ROUTE","In Review","0","0","CALT","Existing"
"2016-04-26T00:00:00.000",,"""JEFF ARMBRUSTER""",,"Plumbing Permits","25000","25000","2017-04-26T00:00:00.000","2960.22","2016-04-26T00:00:00.000","CINCINNATI","39.1036221562486","http://cagis.hamilton-co.org/opal/apd.aspx?QSPerm=2016P02934","-84.528978681683","800 W 8TH ST","CINCINNATI","OH","45203","OBC","Non-Residential","2016P02934","CBPCPLGW","Plumbing Permits","""013600010064""","""R-1""","ISSUED","Permit Issued",,"0","CRPL","Existing"
"2016-04-26T00:00:00.000",,"""THOMAS J. CARNEY/CARNEY'S HEATING & COOLING""",,"HVAC","6500","6500","2017-04-26T00:00:00.000","256.24","2016-04-26T00:00:00.000","CINCINNATI","39.1051064428554","http://cagis.hamilton-co.org/opal/apd.aspx?QSPerm=2016P03462","-84.5632797379057","736 CONSIDINE AV","CINCINNATI","OH","45205","RCO","Residential","2016P03462","CBPCMCH","HVAC","""017800250052""","""1-2-3 FM""","ISSUED","Permit Issued",,"3","RALT","Existing"
"2016-04-26T00:00:00.000",,,,"New Building","0","0",,"60",,"CINCINNATI","39.1180246465005","http://cagis.hamilton-co.org/opal/apd.aspx?QSPerm=2016P03438","-84.4372984371618","518 HOGE ST","CINCINNATI","OH","45226","RCO","Residential","2016P03438","CBPCBCP","Building",,"""1-2-3 FM""","APPLIED","Application Accepted","0","1","RNEW","New"
"2016-04-25T00:00:00.000",,"""RANDY BACHMAN""",,"HVAC","14470","14470","2017-04-26T00:00:00.000","436.72","2016-04-26T00:00:00.000","CINCINNATI","39.1668835763742","http://cagis.hamilton-co.org/opal/apd.aspx?QSPerm=2016P03422","-84.4673304972402","1761 TENNESSEE AV","CINCINNATI","OH","45229","OBC","Non-Residential","2016P03422","CBPCMCHR","HVAC","""011600030075""","""B""","ISSUED","Permit Issued",,"0","CRPL","Existing"
"2016-01-20T00:00:00.000","2016-04-26T00:00:00.000","""A R STEINMETZ HEATING & AC""","2016-04-26T00:00:00.000","Alteration","43155","43155","2017-01-19T00:00:00.000","2667.18","2016-01-20T00:00:00.000","CINCINNATI","39.1086378299012","http://cagis.hamilton-co.org/opal/apd.aspx?QSPerm=2016P00710","-84.4325279656921","4027 EASTERN AV","CINCINNATI","OH","45226","OBC","Non-Residential","2016P00710","CBPCBCP","Building","""002700060110""","""B""","CLOSED","Permit Finaled","0","0","CALT","Existing"
"2015-08-26T00:00:00.000","2016-04-26T00:00:00.000",,"2016-04-26T00:00:00.000","Alteration","250000","250000","2016-11-29T00:00:00.000","4080.65","2015-11-30T00:00:00.000","CINCINNATI","39.1732486930086","http://cagis.hamilton-co.org/opal/apd.aspx?QSPerm=2015P07076","-84.4299438737015","5500 VERULAM AV","CINCINNATI","OH","45213","OBC","Non-Residential","2015P07076","CBPCBCP","Building","""012300030116""","""I-2""","CLOSED","Permit Finaled","0","0","CALT","Existing"
"2015-05-27T00:00:00.000",,"""DEL-MONDE""","2016-04-26T00:00:00.000","HVAC","5251","5251","2016-06-29T00:00:00.000","2637.31","2015-06-30T00:00:00.000","CINCINNATI","39.1797177295597","http://cagis.hamilton-co.org/opal/apd.aspx?QSPerm=2015P04235","-84.4577111000812","5805 DESTINY CT","CINCINNATI","OH","45237","RCO","Residential","2015P04235","CBPCBCP","HVAC","""012000040077""","""1-2-3 FM""","CLOSED","Permit Finaled",,"0","RNEW","New"
"2015-07-24T00:00:00.000",,"""HUDEPOHL CONSTRUCTION CO""","2016-04-26T00:00:00.000","HVAC","2000","2000","2016-08-26T00:00:00.000","3742.87","2015-08-27T00:00:00.000","CINCINNATI","39.1566897449776","http://cagis.hamilton-co.org/opal/apd.aspx?QSPerm=2015P06283","-84.4302088106848","4401 APPLETON ST","CINCINNATI","OH","45209","OBC","Non-Residential","2015P06283","CBPCBCP","HVAC","""005000020098""","""S-2""","CLOSED","Permit Finaled",,"0","CNEW","New"
"2016-04-26T00:00:00.000",,"""SPRING CLEANING COMPANY""",,"Wrecking","0","0",,"30",,"CINCINNATI","39.1302803261129","http://cagis.hamilton-co.org/opal/apd.aspx?QSPerm=2016P03467","-84.5603124194005","1937 FAIRMOUNT AV","CINCINNATI","OH","45214","RCO","Residential","2016P03467","CBPCWRC","Wrecking","""020300280050""","""No Use Group Entered""","APPLIED","Application Accepted","0","1","RDMO","Existing"
"2016-04-26T00:00:00.000",,"""PREFERRED FIRE PROTECTION INC""",,"Fire Protection Systems","8000","8000","2017-04-26T00:00:00.000","772.72","2016-04-26T00:00:00.000","CINCINNATI","39.1499235162179","http://cagis.hamilton-co.org/opal/apd.aspx?QSPerm=2016P03437","-84.4724391883133","1624 HERALD AV","CINCINNATI","OH","45207","OBC","Non-Residential","2016P03437","CBPCSUP","Fire Protection Systems","""005900010005""","""A-4""","ISSUED","Permit Issued",,"0","CRPR","Existing"
"2016-04-26T00:00:00.000",,"""MAXIMUM FIRE PROTECTION""",,"Fire Protection Systems","0","0",,"84",,"CINCINNATI","39.1454466594467","http://cagis.hamilton-co.org/opal/apd.aspx?QSPerm=2016P03466","-84.4413833885488","2733 MADISON RD","CINCINNATI","OH","45209","OBC","Non-Residential","2016P03466","CBPCSUP","Fire Protection Systems","""004000040037""","""A-2 (1)""","APPLIED","Application Accepted",,"0","CALT","Existing"
"2016-04-26T00:00:00.000",,"""HGC CONSTRUCTION""",,"Alteration","0","0",,"84",,"CINCINNATI","39.1438743117144","http://cagis.hamilton-co.org/opal/apd.aspx?QSPerm=2016P03435","-84.5104396925724","3448 VINE ST","CINCINNATI","OH","45220","OBC","Non-Residential","2016P03435","CBPCBCP","Building","""021600420128""","""1-2-3 FM""","APPLIED","Application Accepted","0","0","CALT","Existing"
"2016-04-26T00:00:00.000",,"""RAYMOND E KATHMAN/KATHMAN ELECTRIC CO., INC.""",,"Fire Protection Systems","0","0",,"84",,"CINCINNATI","39.0982630858365","http://cagis.hamilton-co.org/opal/apd.aspx?QSPerm=2016P03446","-84.5178664162392","302 W 3RD ST","CINCINNATI","OH","45202","OBC","Non-Residential","2016P03446","CBPCFAP","Fire Protection Systems","""014500010090""","""B""","ROUTE","In Review","0","0","CALT","Existing"
"2015-06-17T00:00:00.000",,"""DESIGN COMFORT HTG & AIR LLC""","2016-04-26T00:00:00.000","HVAC","55000","55000","2016-08-05T00:00:00.000","5902.71","2015-08-06T00:00:00.000","CINCINNATI","39.1407714397639","http://cagis.hamilton-co.org/opal/apd.aspx?QSPerm=2015P04836","-84.4191780197577","3501 ERIE AV","CINCINNATI","OH","45208","OBC","Non-Residential","2015P04836","CBPCBCP","HVAC","""00380A030355""","""A-2 (1)""","CLOSED","Permit Finaled",,"0","CALT","Existing"
"2015-02-05T00:00:00.000",,"""ONE STOP SIGNS""","2016-04-26T00:00:00.000","Signs","900","900","2017-02-15T00:00:00.000","310.63","2016-02-16T00:00:00.000","CINCINNATI","39.1152469619734","http://cagis.hamilton-co.org/opal/apd.aspx?QSPerm=2015P01183","-84.5202045010362","1801 ELM ST","CINCINNATI","OH","45202","OBC","Non-Residential","2015P01183","CBPCSGN","Signs","""013300030109""","""B""","CLOSED","Permit Finaled",,"0","CALT","Existing"
"2016-04-05T00:00:00.000",,"""RTF FIRE PROTECTION LLC""",,"Fire Protection Systems","1900","1900","2017-04-26T00:00:00.000","326.72","2016-04-26T00:00:00.000","CINCINNATI","39.1596655212329","http://cagis.hamilton-co.org/opal/apd.aspx?QSPerm=2016P02845","-84.4235036063342","3500 MADISON RD","CINCINNATI","OH","45209","OBC","Non-Residential","2016P02845","CBPCSUP","Fire Protection Systems","""005100010008""","""A-3""","ISSUED","Permit Issued",,"0","CALT","Existing"
"2016-04-26T00:00:00.000",,"""SANSALONE & ASSOCIATES LLC""",,"HVAC","0","0",,"168",,"CINCINNATI","39.1295975233189","http://cagis.hamilton-co.org/opal/apd.aspx?QSPerm=2016P03465","-84.5098834164595","2611 VINE ST","CINCINNATI","OH","45219","OBC","Non-Residential","2016P03465","CBPCBCP","HVAC","""010200040124""","""A-2 (1)""","ROUTE","In Review",,"0","CALT","Existing"
"2014-08-20T00:00:00.000",,"""SEHLHORST EQUIPMENT SERVICES CO INC""","2016-04-26T00:00:00.000","Excavation/Fill","0","0","2015-09-10T00:00:00.000","194","2014-09-10T00:00:00.000","CINCINNATI","39.1070875039064","http://cagis.hamilton-co.org/opal/apd.aspx?QSPerm=2014P06166","-84.5624566010858","3100 PRICE AV","CINCINNATI","OH","45205","OBC","Non-Residential","2014P06166","CBPCEF","Excavation/Fill","""017500170125""","""VAC""","CLOSED","Permit Finaled",,"0","COMM","Existing"
"2016-04-26T00:00:00.000",,"""JAMES MONK HVAC LLC""",,"HVAC","0","0","2017-04-26T00:00:00.000","78.78","2016-04-26T00:00:00.000","CINCINNATI","39.1046809895703","http://cagis.hamilton-co.org/opal/apd.aspx?QSPerm=2016P03448","-84.5819984470792","3918 N CLEROSE CIR","CINCINNATI","OH","45205","RCO","Residential","2016P03448","CBPCMCHR","HVAC","""017900760272""","""1-2-3 FM""","ISSUED","Permit Issued",,"2","RRPL","Existing"
"2016-04-26T00:00:00.000",,"""THE GEILER COMPANY""",,"HVAC","17000","17000","2017-04-26T00:00:00.000","486.16","2016-04-26T00:00:00.000","CINCINNATI","39.1505013327734","http://cagis.hamilton-co.org/opal/apd.aspx?QSPerm=2016P03444","-84.4862110553388","3700 READING RD","CINCINNATI","OH","45229","OBC","Non-Residential","2016P03444","CBPCMCHR","HVAC","""010800040002""","""R-2""","ISSUED","Permit Issued",,"200","CRPL","Existing"
"2015-07-24T00:00:00.000",,"""HUDEPOHL CONSTRUCTION CO""","2016-04-26T00:00:00.000","Excavation/Fill","0","0","2016-08-26T00:00:00.000","3742.87","2015-08-27T00:00:00.000","CINCINNATI","39.1566897449776","http://cagis.hamilton-co.org/opal/apd.aspx?QSPerm=2015P06283","-84.4302088106848","4401 APPLETON ST","CINCINNATI","OH","45209","OBC","Non-Residential","2015P06283","CBPCBCP","Excavation/Fill","""005000020098""","""S-2""","CLOSED","Permit Finaled",,"0","CNEW","New"
"2016-04-26T00:00:00.000",,"""SANSALONE & ASSOCIATES LLC""",,"Alteration","0","0",,"168",,"CINCINNATI","39.1295975233189","http://cagis.hamilton-co.org/opal/apd.aspx?QSPerm=2016P03465","-84.5098834164595","2611 VINE ST","CINCINNATI","OH","45219","OBC","Non-Residential","2016P03465","CBPCBCP","Building","""010200040124""","""A-2 (1)""","ROUTE","In Review","0","0","CALT","Existing"
"2016-04-06T00:00:00.000",,"""HOWARD HUGHES/C.J. HUGHES & SONS PLUMBING INC""",,"Plumbing Permits","45000","45000","2017-04-26T00:00:00.000","1005.28","2016-04-26T00:00:00.000","CINCINNATI","39.1159365478742","http://cagis.hamilton-co.org/opal/apd.aspx?QSPerm=2016P02874","-84.5181408017771","1814 RACE ST","CINCINNATI","OH","45202","OBC","Non-Residential","2016P02874","CBPCPLG","Plumbing Permits","""009400080313""","""R-2""","ISSUED","Permit Issued",,"0","CNEW","New"
"2015-05-19T00:00:00.000",,"""REUPERT HEATING AND AIR""","2016-04-26T00:00:00.000","HVAC","14000","14000","2016-05-18T00:00:00.000","134.33","2015-05-19T00:00:00.000","CINCINNATI","39.1636362274332","http://cagis.hamilton-co.org/opal/apd.aspx?QSPerm=2015P02780","-84.5500117933388","1843 HANFIELD ST","CINCINNATI","OH","45223","RCO","Residential","2015P02780","CBPCMCHR","HVAC","""019500290090""","""1-2-3 FM""","CLOSED","Permit Finaled",,"1","RR12","Existing"
"2015-05-27T00:00:00.000",,"""DEL-MONDE""","2016-04-26T00:00:00.000","Excavation/Fill","0","0","2016-06-29T00:00:00.000","2637.31","2015-06-30T00:00:00.000","CINCINNATI","39.1797177295597","http://cagis.hamilton-co.org/opal/apd.aspx?QSPerm=2015P04235","-84.4577111000812","5805 DESTINY CT","CINCINNATI","OH","45237","RCO","Residential","2015P04235","CBPCBCP","Excavation/Fill","""012000040077""","""1-2-3 FM""","CLOSED","Permit Finaled",,"0","RNEW","New"
"2016-04-05T00:00:00.000",,"""HOWARD MAYERS/ MAYERS ELECTRIC CO INC""",,"Fire Protection Systems","7250","7250","2017-04-26T00:00:00.000","536.72","2016-04-26T00:00:00.000","CINCINNATI","39.188997790491","http://cagis.hamilton-co.org/opal/apd.aspx?QSPerm=2016P02844","-84.4782509218268","1199 EDISON DR","CINCINNATI","OH","45216","OBC","Non-Residential","2016P02844","CBPCFAP","Fire Protection Systems","""011700020027""","""B""","ISSUED","Permit Issued","0","0","CALT","Existing"
"2015-06-17T00:00:00.000","2016-04-26T00:00:00.000","""DESIGN COMFORT HTG & AIR LLC""","2016-04-26T00:00:00.000","Alteration","415000","415000","2016-08-05T00:00:00.000","5902.71","2015-08-06T00:00:00.000","CINCINNATI","39.1407714397639","http://cagis.hamilton-co.org/opal/apd.aspx?QSPerm=2015P04836","-84.4191780197577","3501 ERIE AV","CINCINNATI","OH","45208","OBC","Non-Residential","2015P04836","CBPCBCP","Building","""00380A030355""","""A-2 (1)""","CLOSED","Permit Finaled","0","0","CALT","Existing"
"2016-04-26T00:00:00.000",,"""SHIVER SECURITY SYSTEMS INC""",,"Fire Protection Systems","0","0",,"84",,"CINCINNATI","39.1232262146223","http://cagis.hamilton-co.org/opal/apd.aspx?QSPerm=2016P03457","-84.5086048164414","2301 AUBURN AV","CINCINNATI","OH","45219","OBC","Non-Residential","2016P03457","CBPCFAP","Fire Protection Systems","""008800090093""","""R-2""","ROUTE","In Review","0","60","RALT","Existing"
"2016-04-06T00:00:00.000",,"""TYCO INTEGRATED SECURITY LLC""",,"Fire Protection Systems","8504.94","8504.94","2017-04-26T00:00:00.000","326.72","2016-04-26T00:00:00.000","CINCINNATI","39.1004132183305","http://cagis.hamilton-co.org/opal/apd.aspx?QSPerm=2016P02985","-84.5104559177245","120 E 4TH ST","CINCINNATI","OH","45202","OBC","Non-Residential","2016P02985","CBPCFAP","Fire Protection Systems","""008300010180""","""B""","ISSUED","Permit Issued","0","0","CALT","Existing"
"2016-01-20T00:00:00.000",,"""A R STEINMETZ HEATING & AC""","2016-04-26T00:00:00.000","HVAC","29300","29300","2017-01-19T00:00:00.000","2667.18","2016-01-20T00:00:00.000","CINCINNATI","39.1086378299012","http://cagis.hamilton-co.org/opal/apd.aspx?QSPerm=2016P00710","-84.4325279656921","4027 EASTERN AV","CINCINNATI","OH","45226","OBC","Non-Residential","2016P00710","CBPCBCP","HVAC","""002700060110""","""B""","CLOSED","Permit Finaled",,"0","CALT","Existing"
"2016-04-26T00:00:00.000",,"""THE GEILER COMPANY""",,"HVAC","85500","85500","2017-04-26T00:00:00.000","1703.25","2016-04-26T00:00:00.000","CINCINNATI","39.1348050066494","http://cagis.hamilton-co.org/opal/apd.aspx?QSPerm=2016P03443","-84.6056286989441","3131 QUEEN CITY AV","CINCINNATI","OH","45238","OBC","Non-Residential","2016P03443","CBPCMCHR","HVAC","""024800040014""","""I-2""","ISSUED","Permit Issued",,"0","CRPL","Existing"
"2016-04-26T00:00:00.000",,"""COVERALL ROOFING""",,"Repair","14600","14600","2017-04-26T00:00:00.000","380","2016-04-26T00:00:00.000","CINCINNATI","39.1268651539795","http://cagis.hamilton-co.org/opal/apd.aspx?QSPerm=2016P03441","-84.4874121896765","2530 KEMPER LN","CINCINNATI","OH","45206","OBC","Non-Residential","2016P03441","CBPCBCP","Building","""006700030158""","""A-3""","ISSUED","Permit Issued","0","0","CRPR","Existing"
"2015-12-10T00:00:00.000",,"""BARNES HEATING LLC""","2016-04-26T00:00:00.000","HVAC","0","0","2016-12-09T00:00:00.000","108.07","2015-12-10T00:00:00.000","CINCINNATI","39.1600946347445","http://cagis.hamilton-co.org/opal/apd.aspx?QSPerm=2015P10158","-84.4125024303738","4920 OAKLAWN DR","CINCINNATI","OH","45227","RCO","Residential","2015P10158","CBPCMCHR","HVAC","""005100050016""","""1-2-3 FM""","CLOSED","Permit Finaled",,"1","RR12","Existing"
"2016-04-26T00:00:00.000",,"""RECKER AND BOERGER""",,"HVAC","0","0","2017-04-26T00:00:00.000","78.78","2016-04-26T00:00:00.000","CINCINNATI","39.1970956026886","http://cagis.hamilton-co.org/opal/apd.aspx?QSPerm=2016P03451","-84.5765418001322","5682 COLERAIN AV","CINCINNATI","OH","45239","RCO","Residential","2016P03451","CBPCMCHR","HVAC","""023100040026""","""1-2-3 FM""","ISSUED","Permit Issued",,"1","RR12","Existing"
"2016-02-17T00:00:00.000",,"""BRUCE BARNJUM""","2016-04-26T00:00:00.000","Plumbing Permits","8423","8423","2017-02-18T00:00:00.000","242.4","2016-02-19T00:00:00.000","CINCINNATI","39.1531476381351","http://cagis.hamilton-co.org/opal/apd.aspx?QSPerm=2016P00775","-84.3947058442962","5806 ADELPHI ST","CINCINNATI","OH","45227","RCO","Residential","2016P00775","CBPCPLGW","Plumbing Permits","""003700010054""","""1-2-3 FM""","CLOSED","Permit Finaled",,"1","RNEW","New"
"2015-12-09T00:00:00.000",,"""JOHN KALEBAIN""","2016-04-26T00:00:00.000","Plumbing Permits","20000","20000","2016-12-15T00:00:00.000","1595.58","2015-12-16T00:00:00.000","CINCINNATI","39.1101783627612","http://cagis.hamilton-co.org/opal/apd.aspx?QSPerm=2015P09558","-84.5062264372915","512 E 12TH ST","CINCINNATI","OH","45202","OBC","Non-Residential","2015P09558","CBPCPLGW","Plumbing Permits","""007500030125""","""R-2""","CLOSED","Permit Finaled",,"7","CNEW","New"
"2016-04-14T00:00:00.000",,"""RAINBOW INTERNATIONAL CINCINNATI""",,"Repair","4524.26","4524.26","2017-04-26T00:00:00.000","1019","2016-04-26T00:00:00.000","CINCINNATI","39.1471205177019","http://cagis.hamilton-co.org/opal/apd.aspx?QSPerm=2016P03137","-84.4327534739651","3783 ISABELLA AV","CINCINNATI","OH","45209","OBC","Non-Residential","2016P03137","CBPCBCP","Building","""003900050073""","""R-3""","ISSUED","Permit Issued","0","3","CRPR","Existing"
"2016-03-28T00:00:00.000",,,,"Alteration","10000","10000","2017-04-26T00:00:00.000","658.72","2016-04-26T00:00:00.000","CINCINNATI","39.166985546975","http://cagis.hamilton-co.org/opal/apd.aspx?QSPerm=2016P02700","-84.4325165752615","5155 LESTER RD","CINCINNATI","OH","45213","OBC","Non-Residential","2016P02700","CBPCBCP","Building","""005200060006""","""U""","ISSUED","Permit Issued","0","0","CALT","Existing"
"2016-04-26T00:00:00.000",,"""BRAKEFIRE INC DBA SILCO FIRE PROTECTION CO""",,"HVAC","925","925",,"84",,"CINCINNATI","39.1152391759121","http://cagis.hamilton-co.org/opal/apd.aspx?QSPerm=2016P03463","-84.5200209587724","1801 ELM ST","CINCINNATI","OH","45202","OBC","Non-Residential","2016P03463","CBPCMCH","HVAC","""013300030109""","""A-2 (1)""","ROUTE","In Review",,"0","CALT","Existing"
"2016-04-18T00:00:00.000",,"""ANDREW G PALMER/PARADISE PROPERTIES & PLUMBING""","2016-04-26T00:00:00.000","Plumbing Permits","150","150","2017-04-22T00:00:00.000","43.43","2016-04-22T00:00:00.000","CINCINNATI","39.1434645343753","http://cagis.hamilton-co.org/opal/apd.aspx?QSPerm=2016P02594","-84.5837324503568","3068 BRACKEN WOODS LN","CINCINNATI","OH","45211","RCO","Residential","2016P02594","CBPCPLGW","Plumbing Permits","""02070B540020""","""1-2-3 FM""","CLOSED","Permit Finaled",,"1","RRPL","Existing"
"2016-04-26T00:00:00.000",,"""KENNETH J FRENCH""",,"New Building","0","0",,"60",,"CINCINNATI","39.1277637698456","http://cagis.hamilton-co.org/opal/apd.aspx?QSPerm=2016P03445","-84.4124446721119","3638 ARCHER AV","CINCINNATI","OH","45208","RCO","Residential","2016P03445","CBPCBCP","Building","""002000030091""","""1-2-3 FM""","APPLIED","Application Accepted","0","1","RNEW","New"
"2016-04-26T00:00:00.000",,"""RECKER AND BOERGER""",,"HVAC","0","0","2017-04-26T00:00:00.000","108.07","2016-04-26T00:00:00.000","CINCINNATI","39.1462179202947","http://cagis.hamilton-co.org/opal/apd.aspx?QSPerm=2016P03453","-84.6192567226989","3580 SCHWARTZE AV","CINCINNATI","OH","45211","RCO","Residential","2016P03453","CBPCMCHR","HVAC","""021200630056""","""1-2-3 FM""","ISSUED","Permit Issued",,"1","RR12","Existing"
"2016-04-26T00:00:00.000",,"""KENNETH J FRENCH""",,"HVAC","7500","7500",,"60",,"CINCINNATI","39.1277637698456","http://cagis.hamilton-co.org/opal/apd.aspx?QSPerm=2016P03445","-84.4124446721119","3638 ARCHER AV","CINCINNATI","OH","45208","RCO","Residential","2016P03445","CBPCBCP","HVAC","""002000030091""","""1-2-3 FM""","APPLIED","Application Accepted",,"0","RNEW","New"
"2016-04-26T00:00:00.000",,"""ET EVENT RENTALS DBA ACADEMY RENTALS""",,"Misc. Structures","500","500","2017-04-26T00:00:00.000","275.39","2016-04-26T00:00:00.000","CINCINNATI","39.1018667937495","http://cagis.hamilton-co.org/opal/apd.aspx?QSPerm=2016P03458","-84.4997789233275","720 E PETE ROSE WY","CINCINNATI","OH","45202","OBC","Non-Residential","2016P03458","CBPCTEMP","Misc. Structures","""008400050268""","""A-5""","ISSUED","Permit Issued",,"0","CTENT","Existing"
"2015-05-27T00:00:00.000","2016-04-26T00:00:00.000","""DEL-MONDE""","2016-04-26T00:00:00.000","New Building","165000","165000","2016-06-29T00:00:00.000","2637.31","2015-06-30T00:00:00.000","CINCINNATI","39.1797177295597","http://cagis.hamilton-co.org/opal/apd.aspx?QSPerm=2015P04235","-84.4577111000812","5805 DESTINY CT","CINCINNATI","OH","45237","RCO","Residential","2015P04235","CBPCBCP","Building","""012000040077""","""1-2-3 FM""","CLOSED","Permit Finaled","2615","1","RNEW","New"
"2016-04-26T00:00:00.000",,"""TRI-STATE HEATING & COOLING INC""",,"HVAC","0","0","2017-04-26T00:00:00.000","78.78","2016-04-26T00:00:00.000","CINCINNATI","39.1706429240926","http://cagis.hamilton-co.org/opal/apd.aspx?QSPerm=2016P03455","-84.5460811776325","1743 SCHNEIDER AV","CINCINNATI","OH","45223","RCO","Residential","2016P03455","CBPCMCHR","HVAC","""019700390097""","""1-2-3 FM""","ISSUED","Permit Issued",,"1","RR12","Existing"
"2015-07-24T00:00:00.000","2016-04-26T00:00:00.000","""HUDEPOHL CONSTRUCTION CO""","2016-04-26T00:00:00.000","New Building","350000","350000","2016-08-26T00:00:00.000","3742.87","2015-08-27T00:00:00.000","CINCINNATI","39.1566897449776","http://cagis.hamilton-co.org/opal/apd.aspx?QSPerm=2015P06283","-84.4302088106848","4401 APPLETON ST","CINCINNATI","OH","45209","OBC","Non-Residential","2015P06283","CBPCBCP","Building","""005000020098""","""S-2""","CLOSED","Permit Finaled","0","0","CNEW","New"
"2016-04-26T00:00:00.000",,,,"HVAC","23200","23200",,"60",,"CINCINNATI","39.1180246465005","http://cagis.hamilton-co.org/opal/apd.aspx?QSPerm=2016P03438","-84.4372984371618","518 HOGE ST","CINCINNATI","OH","45226","RCO","Residential","2016P03438","CBPCBCP","HVAC",,"""1-2-3 FM""","APPLIED","Application Accepted",,"0","RNEW","New"
"2015-10-13T00:00:00.000",,"""KEN ANTON/VALLEY REFRIGERATION SERVICE INC""",,"HVAC","7090","7090","2017-04-26T00:00:00.000","568.56","2016-04-26T00:00:00.000","CINCINNATI","39.1570629474114","http://cagis.hamilton-co.org/opal/apd.aspx?QSPerm=2015P08577","-84.52617544529","440 LAFAYETTE AV","CINCINNATI","OH","45220","OBC","Non-Residential","2015P08577","CBPCMCH","HVAC","""021800600063""","""I-2""","ISSUED","Permit Issued",,"0","CALT","Existing"
"2016-04-26T00:00:00.000",,,,"Alteration","0","0",,"84",,"CINCINNATI","39.1535101043249","http://cagis.hamilton-co.org/opal/apd.aspx?QSPerm=2016P03432","-84.4311655535469","3086 MADISON RD","CINCINNATI","OH","45209","OBC","Non-Residential","2016P03432","CBPCBCP","Building","""005000010098""","""M""","ROUTE","In Review","0","0","CALT","Existing"
"2016-04-25T00:00:00.000",,"""KEN HERBERT/ KEN HERBERT PLUMBING LLC""",,"Plumbing Permits","1200","1200","2017-04-26T00:00:00.000","178.77","2016-04-26T00:00:00.000","CINCINNATI","39.1337598430464","http://cagis.hamilton-co.org/opal/apd.aspx?QSPerm=2016P02921","-84.4665553570626","1 ANNWOOD LN","CINCINNATI","OH","45206","RCO","Residential","2016P02921","CBPCPLGW","Plumbing Permits","""005400020148""","""1-2-3 FM""","ISSUED","Permit Issued",,"1","RNEW","New"
"2016-04-26T00:00:00.000",,"""CALIGURI HEATING & COOLING""",,"HVAC","0","0","2017-04-26T00:00:00.000","78.78","2016-04-26T00:00:00.000","CINCINNATI","39.2082616560268","http://cagis.hamilton-co.org/opal/apd.aspx?QSPerm=2016P03454","-84.5296997843993","1033 ARCHLAND DR","CINCINNATI","OH","45224","RCO","Residential","2016P03454","CBPCMCHR","HVAC","""024700070118""","""1-2-3 FM""","ISSUED","Permit Issued",,"1","RR12","Existing"
"2015-12-18T00:00:00.000",,"""RESPONSE FIRE PROTECTION INC""","2016-04-26T00:00:00.000","Fire Protection Systems","5000","5000","2017-01-26T00:00:00.000","614.72","2016-01-27T00:00:00.000","CINCINNATI","39.1732486930086","http://cagis.hamilton-co.org/opal/apd.aspx?QSPerm=2015P10351","-84.4299438737015","5500 VERULAM AV","CINCINNATI","OH","45213","OBC","Non-Residential","2015P10351","CBPCFAP","Fire Protection Systems","""012300030116""","""I-2""","CLOSED","Permit Finaled","0","0","CALT","Existing"
"2016-04-26T00:00:00.000",,"""TURNBULL-WAHLERT CONSTRUCTION, INC.""",,"Alteration","0","0",,"84",,"CINCINNATI","39.1310242108117","http://cagis.hamilton-co.org/opal/apd.aspx?QSPerm=2016P03450","-84.5086970990568","2718 VINE ST","CINCINNATI","OH","45219","OBC","Non-Residential","2016P03450","CBPCBCP","Building","""009200030020""","""B""","ROUTE","In Review","0","0","CALT","Existing"
"2015-12-21T00:00:00.000",,"""TURNER CONSTRUCTION CO""","2016-04-26T00:00:00.000","Wrecking","500","500","2016-05-14T00:00:00.000","153.01","2016-01-15T00:00:00.000","CINCINNATI","39.0936305683349","http://cagis.hamilton-co.org/opal/apd.aspx?QSPerm=2015P10384","-84.4260224070635","4612 KELLOGG AV","CINCINNATI","OH","45226","OBC","Non-Residential","2015P10384","CBPCWRC","Wrecking","""001200010016""","""B""","CLOSED","Permit Finaled","800","0","CDMO","Existing"
"2015-12-21T00:00:00.000",,"""TURNER CONSTRUCTION CO""","2016-04-26T00:00:00.000","Wrecking","21000","21000","2016-05-14T00:00:00.000","441.41","2016-01-15T00:00:00.000","CINCINNATI","39.0936305683349","http://cagis.hamilton-co.org/opal/apd.aspx?QSPerm=2015P10380","-84.4260224070635","4612 KELLOGG AV","CINCINNATI","OH","45226","OBC","Non-Residential","2015P10380","CBPCWRC","Wrecking","""001200010016""","""B""","CLOSED","Permit Finaled","8400","0","CDMO","Existing"
"2016-04-26T00:00:00.000",,,,"Alteration","0","0",,"84",,"CINCINNATI","39.1171379534881","http://cagis.hamilton-co.org/opal/apd.aspx?QSPerm=2016P03459","-84.5333100680256","1127 YORK ST","CINCINNATI","OH","45214","OBC","Non-Residential","2016P03459","CBPCBCP","Building","""018400050256""","""S-2""","ROUTE","In Review","0","0","CALT","Existing"
"2015-08-26T00:00:00.000",,,"2016-04-26T00:00:00.000","HVAC","10000","10000","2016-11-29T00:00:00.000","4080.65","2015-11-30T00:00:00.000","CINCINNATI","39.1732486930086","http://cagis.hamilton-co.org/opal/apd.aspx?QSPerm=2015P07076","-84.4299438737015","5500 VERULAM AV","CINCINNATI","OH","45213","OBC","Non-Residential","2015P07076","CBPCBCP","HVAC","""012300030116""","""I-2""","CLOSED","Permit Finaled",,"0","CALT","Existing"
"2016-04-26T00:00:00.000",,"""TIMOTHY S FOX/ FOX PLUMBING""",,"Plumbing Permits","1800","1800","2017-04-26T00:00:00.000","136.68","2016-04-26T00:00:00.000","CINCINNATI","39.1354407049629","http://cagis.hamilton-co.org/opal/apd.aspx?QSPerm=2016P02933","-84.4362020344586","1316 CRYER AV","CINCINNATI","OH","45208","RCO","Residential","2016P02933","CBPCPLGW","Plumbing Permits","""004600020024""","""1-2-3 FM""","ISSUED","Permit Issued",,"1","RNEW","New"
"2016-04-26T00:00:00.000",,"""HOME DEPOT U.S.A. INC/HOME SERVICE COMPLI""",,"Repair","3600","3600",,"197",,"CINCINNATI","39.1465713206538","http://cagis.hamilton-co.org/opal/apd.aspx?QSPerm=2016P03436","-84.6206570215371","3615 SCHWARTZE AV","CINCINNATI","OH","45211","OBC","Non-Residential","2016P03436","CBPCBCP","Building","""021200630167""","""R-2""","APPROVED","Approved","0","4","RRPR","Existing"
"2016-04-25T00:00:00.000",,"""JOSEPH KULIFAY/BRONCO EXCAVATING INC""",,"Plumbing Permits","12000","12000","2017-04-26T00:00:00.000","260.59","2016-04-26T00:00:00.000","CINCINNATI","39.158643607563","http://cagis.hamilton-co.org/opal/apd.aspx?QSPerm=2016P02929","-84.4268302498489","3240 VANDERCAR WY","CINCINNATI","OH","45209","OBC","Non-Residential","2016P02929","CBPCPLGW","Plumbing Permits","""005100010074""","""M""","ISSUED","Permit Issued",,"0","CNEW","New"
"2016-04-26T00:00:00.000",,"""SPRING CLEANING COMPANY""",,"Wrecking","0","0",,"30",,"CINCINNATI","39.1566296239208","http://cagis.hamilton-co.org/opal/apd.aspx?QSPerm=2016P03464","-84.5489608570621","3822 LLEWELLYN AV","CINCINNATI","OH","45223","RCO","Residential","2016P03464","CBPCWRC","Wrecking","""019400090238""","""No Use Group Entered""","APPLIED","Application Accepted","0","1","RDMO","Existing"
"2016-04-26T00:00:00.000",,"""JAMES D SCHROTH/ ARCHIABLE ELECTRIC""",,"Fire Protection Systems","0","0",,"84",,"CINCINNATI","39.1030945339979","http://cagis.hamilton-co.org/opal/apd.aspx?QSPerm=2016P03431","-84.5064438517694","418 E 5TH ST","CINCINNATI","OH","45202","OBC","Non-Residential","2016P03431","CBPCFAP","Fire Protection Systems","""007800030060""","""B""","ROUTE","In Review","0","0","CALT","Existing"
"2016-03-31T00:00:00.000",,,,"Alteration","50000","50000","2017-04-26T00:00:00.000","1096.6","2016-04-26T00:00:00.000","CINCINNATI","39.1470704644488","http://cagis.hamilton-co.org/opal/apd.aspx?QSPerm=2016P02747","-84.5793000722465","2475 WESTWOOD NORTHERN BLVD","CINCINNATI","OH","45211","OBC","Non-Residential","2016P02747","CBPCBCP","Building","""020900040119""","""U""","ISSUED","Permit Issued","0","0","CALT","Existing"
"2015-12-21T00:00:00.000",,"""TURNER CONSTRUCTION CO""","2016-04-26T00:00:00.000","Wrecking","7000","7000","2016-05-14T00:00:00.000","261.16","2016-01-15T00:00:00.000","CINCINNATI","39.0936305683349","http://cagis.hamilton-co.org/opal/apd.aspx?QSPerm=2015P10382","-84.4260224070635","4612 KELLOGG AV","CINCINNATI","OH","45226","OBC","Non-Residential","2015P10382","CBPCWRC","Wrecking","""001200010016""","""B""","CLOSED","Permit Finaled","3125","0","CDMO","Existing"
"2015-02-13T00:00:00.000","2016-04-26T00:00:00.000","""CINCINNATI HABITAT FOR HUMANITY""","2016-04-26T00:00:00.000","New Building","90120","90120","2016-03-08T00:00:00.000","1455.47","2015-03-09T00:00:00.000","CINCINNATI","39.1378514761711","http://cagis.hamilton-co.org/opal/apd.aspx?QSPerm=2015P01325","-84.5491894580772","1620 HOPPLE CT","CINCINNATI","OH","45225","RCO","Residential","2015P01325","CBPCBCP","Building","""020100380181""","""1-2-3 FM""","CLOSED","Permit Finaled","660","1","RNEW","New"
"2015-12-21T00:00:00.000",,"""TURNER CONSTRUCTION CO""","2016-04-26T00:00:00.000","Wrecking","5000","5000","2016-05-14T00:00:00.000","189.06","2016-01-15T00:00:00.000","CINCINNATI","39.0936305683349","http://cagis.hamilton-co.org/opal/apd.aspx?QSPerm=2015P10381","-84.4260224070635","4612 KELLOGG AV","CINCINNATI","OH","45226","OBC","Non-Residential","2015P10381","CBPCWRC","Wrecking","""001200010016""","""B""","CLOSED","Permit Finaled","1660","0","CDMO","Existing"
"2015-03-18T00:00:00.000","2016-04-26T00:00:00.000","""FOXFIRE PROPERTIES INC""","2016-04-26T00:00:00.000","Addition","68061","68061","2016-03-17T00:00:00.000","1015.27","2015-03-18T00:00:00.000","CINCINNATI","39.1459772508594","http://cagis.hamilton-co.org/opal/apd.aspx?QSPerm=2015P02171","-84.4342844269803","3745 DRAKEWOOD DR","CINCINNATI","OH","45209","RCO","Residential","2015P02171","CBPCBCP","Building","""003900050133""","""1-2-3 FM""","CLOSED","Permit Finaled","0","1","RADD","Existing"
"2016-04-26T00:00:00.000",,"""ROBERT D GOODY/OVERLAND CONTRACTING INC""",,"Alteration","0","0",,"84",,"CINCINNATI","39.1302385693421","http://cagis.hamilton-co.org/opal/apd.aspx?QSPerm=2016P03461","-84.5098171129758","2629 VINE ST","CINCINNATI","OH","45219","OBC","Non-Residential","2016P03461","CBPCBCP","Building","""010200040139""","""U""","APPLIED","Application Accepted","0","0","CALT","Existing"
"2016-04-06T00:00:00.000",,"""RICH MACKNIGHT/ K W MECHANICALS INC""","2016-04-26T00:00:00.000","Plumbing Permits","921.19","921.19","2017-04-07T00:00:00.000","43.43","2016-04-07T00:00:00.000","CINCINNATI","39.1966176001073","http://cagis.hamilton-co.org/opal/apd.aspx?QSPerm=2016P02071","-84.5501412828941","1731 LLANFAIR AV","CINCINNATI","OH","45224","RCO","Residential","2016P02071","CBPCPLGW","Plumbing Permits","""023400010084""","""1-2-3 FM""","CLOSED","Permit Finaled",,"1","RRPL","Existing"
"2014-08-20T00:00:00.000",,"""SEHLHORST EQUIPMENT SERVICES CO INC""","2016-04-26T00:00:00.000","Excavation/Fill","0","0","2015-09-10T00:00:00.000","194","2014-09-10T00:00:00.000","CINCINNATI","39.1070921642665","http://cagis.hamilton-co.org/opal/apd.aspx?QSPerm=2014P06167","-84.562657662009","3108 PRICE AV","CINCINNATI","OH","45205","OBC","Non-Residential","2014P06167","CBPCEF","Excavation/Fill","""017500170128""","""VAC""","CLOSED","Permit Finaled",,"0","COMM","Existing"
"2016-04-21T00:00:00.000",,"""ROBERT G JONES/ROBERT JONES PLUMBING INC""","2016-04-26T00:00:00.000","Plumbing Permits","1000","1000","2017-04-21T00:00:00.000","43.43","2016-04-21T00:00:00.000","CINCINNATI","39.1581578997701","http://cagis.hamilton-co.org/opal/apd.aspx?QSPerm=2016P02904","-84.4772206946963","4081 READING RD","CINCINNATI","OH","45229","RCO","Residential","2016P02904","CBPCPLGW","Plumbing Permits","""011100040004""","""1-2-3 FM""","CLOSED","Permit Finaled",,"1","RRPL","Existing"
"2016-04-11T00:00:00.000",,"""CONCORD FIRE PROTECTION INC""",,"Fire Protection Systems","12000","12000","2017-04-27T00:00:00.000","344.59","2016-04-27T00:00:00.000","CINCINNATI","39.1282167386544","http://cagis.hamilton-co.org/opal/apd.aspx?QSPerm=2016P03046","-84.5126964855074","42 CALHOUN ST","CINCINNATI","OH","45219","OBC","Non-Residential","2016P03046","CBPCSUP","Fire Protection Systems","""010200050209""","""A-3""","ISSUED","Permit Issued",,"0","CALT","Existing"
"2014-08-13T00:00:00.000",,"""A&L PROPERTIES LLC""","2016-04-27T00:00:00.000","Excavation/Fill","0","0","2016-10-24T00:00:00.000","2049.19","2014-10-28T00:00:00.000","CINCINNATI","39.1114795408511","http://cagis.hamilton-co.org/opal/apd.aspx?QSPerm=2014P06012","-84.5073704506952","1335 PENDLETON ST","CINCINNATI","OH","45202","RCO","Residential","2014P06012","CBPCBCP","Excavation/Fill","""007500020205""","""1-2-3 FM""","CLOSED","Permit Finaled",,"0","RNEW","New"
"2016-04-27T00:00:00.000",,"""RECKER AND BOERGER""",,"HVAC","0","0","2017-04-27T00:00:00.000","108.07","2016-04-27T00:00:00.000","CINCINNATI","39.137049686606","http://cagis.hamilton-co.org/opal/apd.aspx?QSPerm=2016P03485","-84.5920800222453","2859 ALMESTER DR","CINCINNATI","OH","45211","RCO","Residential","2016P03485","CBPCMCHR","HVAC","""020800670193""","""1-2-3 FM""","ISSUED","Permit Issued",,"1","RR12","Existing"
"2016-04-27T00:00:00.000",,"""TURNBULL-WAHLERT CONSTRUCTION, INC.""",,"Alteration","0","0",,"84",,"CINCINNATI","39.1321651141053","http://cagis.hamilton-co.org/opal/apd.aspx?QSPerm=2016P03490","-84.5222138893569","2711 STRATFORD AV","CINCINNATI","OH","45220","OBC","Non-Residential","2016P03490","CBPCBCP","Building","""010100030074""","""R-2""","ROUTE","In Review","0","25","CALT","Existing"
"2014-04-11T00:00:00.000",,,"2016-04-27T00:00:00.000","HVAC","748000","748000","2015-05-21T00:00:00.000","12278.8","2014-05-21T00:00:00.000","CINCINNATI","39.1099634173403","http://cagis.hamilton-co.org/opal/apd.aspx?QSPerm=2014P02588","-84.5491172527061","1081 WOODROW ST","CINCINNATI","OH","45204","OBC","Non-Residential","2014P02588","CBPCBCP","HVAC","""014800110032""","""B""","CLOSED","Permit Finaled",,"0","CALT","Existing"
"2015-10-29T00:00:00.000",,"""BATTLE AXE CONSTRUCTION""","2016-04-27T00:00:00.000","Excavation/Fill","0","0","2016-10-18T00:00:00.000","393.07","2015-11-24T00:00:00.000","CINCINNATI","39.147775543656","http://cagis.hamilton-co.org/opal/apd.aspx?QSPerm=2015P09251","-84.4922180534993","3589 BOGART AV","CINCINNATI","OH","45229","RCO","Residential","2015P09251","CBPCWRC","Excavation/Fill","""011200060096""","""1-2-3 FM""","CLOSED","Permit Finaled",,"0","RDMO","Existing"
"2015-09-14T00:00:00.000",,"""DISPOSAL SOLUTIONS""","2016-04-27T00:00:00.000","Excavation/Fill","0","0","2016-06-23T00:00:00.000","428.42","2016-02-24T00:00:00.000","CINCINNATI","39.1090774606593","http://cagis.hamilton-co.org/opal/apd.aspx?QSPerm=2015P07658","-84.4958666912253","979 HATCH ST","CINCINNATI","OH","45202","RCO","Residential","2015P07658","CBPCWRC","Excavation/Fill","""007200010437""","""1-2-3 FM""","CLOSED","Permit Finaled",,"0","RDMO","Existing"
"2016-04-01T00:00:00.000",,"""JB SALES""","2016-04-27T00:00:00.000","Excavation/Fill","0","0","2016-08-05T00:00:00.000","322.37","2016-04-07T00:00:00.000","CINCINNATI","39.0723259034387","http://cagis.hamilton-co.org/opal/apd.aspx?QSPerm=2016P02771","-84.4118682892175","5 FAIRWAY LN","CINCINNATI","OH","45228","RCO","Residential","2016P02771","CBPCWRC","Excavation/Fill","""000700030049""","""1-2-3 FM""","CLOSED","Permit Finaled",,"0","RDMO","Existing"
"2016-04-27T00:00:00.000",,"""KINGSLEY CONSTRUCTION LLC""",,"Alteration","0","0",,"84",,"CINCINNATI","39.1274583693821","http://cagis.hamilton-co.org/opal/apd.aspx?QSPerm=2016P03493","-84.5149313972841","73 W MCMILLAN ST","CINCINNATI","OH","45219","OBC","Non-Residential","2016P03493","CBPCBCP","Building","""010000030025""","""B""","ROUTE","In Review","0","0","CALT","Existing"
"2016-02-09T00:00:00.000",,"""DESIGN BUILD GENERAL CONTRACTOR""",,"Misc. Structures","11076","11076","2017-04-27T00:00:00.000","1184.59","2016-04-27T00:00:00.000","CINCINNATI","39.1120460914536","http://cagis.hamilton-co.org/opal/apd.aspx?QSPerm=2016P01270","-84.5171302484243","1514 RACE ST","CINCINNATI","OH","45202","OBC","Non-Residential","2016P01270","CBPCWALL","Misc. Structures","""008100040266""","""R-3""","ISSUED","Permit Issued",,"3","COMM","Existing"
"2016-04-18T00:00:00.000",,"""JONLE HTG-COOLING""",,"HVAC","1900","1900","2017-04-27T00:00:00.000","70.04","2016-04-27T00:00:00.000","CINCINNATI","39.1173462667501","http://cagis.hamilton-co.org/opal/apd.aspx?QSPerm=2016P01437","-84.5971382824513","4816 GLENWAY AV","CINCINNATI","OH","45238","OBC","Non-Residential","2016P01437","CBPCMCHR","HVAC","""018000800561""","""R-2""","ISSUED","Permit Issued",,"6","RRPL","Existing"
"2015-10-29T00:00:00.000",,"""BATTLE AXE CONSTRUCTION""","2016-04-27T00:00:00.000","Wrecking","7446","7446","2016-10-18T00:00:00.000","393.07","2015-11-24T00:00:00.000","CINCINNATI","39.147775543656","http://cagis.hamilton-co.org/opal/apd.aspx?QSPerm=2015P09251","-84.4922180534993","3589 BOGART AV","CINCINNATI","OH","45229","RCO","Residential","2015P09251","CBPCWRC","Wrecking","""011200060096""","""1-2-3 FM""","CLOSED","Permit Finaled","4208","1","RDMO","Existing"
"2016-04-27T00:00:00.000",,"""DON PATTEN REMODELING LTD""",,"Alteration","0","0",,"84",,"CINCINNATI","39.1198404798955","http://cagis.hamilton-co.org/opal/apd.aspx?QSPerm=2016P03471","-84.4851441760185","2200 VICTORY PKWY","CINCINNATI","OH","45206","OBC","Non-Residential","2016P03471","CBPCBCP","Building","""006300040363""","""R-2""","ROUTE","In Review","0","50","RALT","Existing"
"2016-04-27T00:00:00.000",,"""STEVEN A. BOERGER/RECKER AND BOERGER""",,"Plumbing Permits","729.99","729.99","2017-04-27T00:00:00.000","43.43","2016-04-27T00:00:00.000","CINCINNATI","39.1361646067569","http://cagis.hamilton-co.org/opal/apd.aspx?QSPerm=2016P02947","-84.4179309069372","3408 CUSTER AV","CINCINNATI","OH","45208","RCO","Residential","2016P02947","CBPCPLGW","Plumbing Permits","""003800070042""","""1-2-3 FM""","ISSUED","Permit Issued",,"1","RRPL","Existing"
"2015-04-07T00:00:00.000","2016-04-27T00:00:00.000","""JOHN MCCART""","2016-04-27T00:00:00.000","Alteration","18500","18500","2016-05-17T00:00:00.000","628.09","2015-05-18T00:00:00.000","CINCINNATI","39.146344855107","http://cagis.hamilton-co.org/opal/apd.aspx?QSPerm=2015P02802","-84.4374334337187","3751 HYDE PARK AV","CINCINNATI","OH","45209","RCO","Residential","2015P02802","CBPCBCP","Building","""004000020104""","""1-2-3 FM""","CLOSED","Permit Finaled","0","1","RALT","Existing"
"2016-04-27T00:00:00.000",,"""JACOB BROS HEATING & AIR COND""",,"HVAC","9000","9000","2017-04-27T00:00:00.000","108.07","2016-04-27T00:00:00.000","CINCINNATI","39.115928496376","http://cagis.hamilton-co.org/opal/apd.aspx?QSPerm=2016P02324","-84.4317482517222","567 TUSCULUM AV","CINCINNATI","OH","45226","RCO","Residential","2016P02324","CBPCMCHR","HVAC","""002800060169""","""1-2-3 FM""","ISSUED","Permit Issued",,"1","RR12","Existing"
"2016-04-15T00:00:00.000",,"""JOE D CLARK/ DEBRA-KUEMPEL""",,"Plumbing Permits","33000","33000","2017-04-27T00:00:00.000","476.89","2016-04-27T00:00:00.000","CINCINNATI","39.1030945339979","http://cagis.hamilton-co.org/opal/apd.aspx?QSPerm=2016P02571","-84.5064438517694","418 E 5TH ST","CINCINNATI","OH","45202","OBC","Non-Residential","2016P02571","CBPCPLGW","Plumbing Permits","""007800030060""","""B""","ISSUED","Permit Issued",,"0","CNEW","New"
"2015-05-19T00:00:00.000","2016-04-27T00:00:00.000","""NATIBUCK CONTRACTING LLC""","2016-04-27T00:00:00.000","Alteration","1200","1200","2016-05-19T00:00:00.000","220.11","2015-05-20T00:00:00.000","CINCINNATI","39.15195359192","http://cagis.hamilton-co.org/opal/apd.aspx?QSPerm=2015P04005","-84.4352460023854","2890 MARKBREIT AV","CINCINNATI","OH","45209","RCO","Residential","2015P04005","CBPCBCP","Building","""004900040293""","""1-2-3 FM""","CLOSED","Permit Finaled","0","1","RALT","Existing"
"2016-04-25T00:00:00.000",,"""WILLIAM L HESSE/HESSE PLUMBING""",,"Plumbing Permits","2000","2000","2017-04-27T00:00:00.000","127.26","2016-04-27T00:00:00.000","CINCINNATI","39.1420472449479","http://cagis.hamilton-co.org/opal/apd.aspx?QSPerm=2016P02931","-84.4472495368395","3553 BURCH AV","CINCINNATI","OH","45208","RCO","Residential","2016P02931","CBPCPLGW","Plumbing Permits","""004200020019""","""1-2-3 FM""","ISSUED","Permit Issued",,"1","RNEW","New"
"2016-04-27T00:00:00.000",,"""NICK'S BOBCAT SERVICE""",,"Alteration","0","0",,"30",,"CINCINNATI","39.117541826567","http://cagis.hamilton-co.org/opal/apd.aspx?QSPerm=2016P03479","-84.5293837794697","1905 BAYMILLER ST","CINCINNATI","OH","45214","RCO","Residential","2016P03479","CBPCBCP","Building","""018400030069""","""1-2-3 FM""","WITHDRWN","Permit Withdrawn","0","1","RALT","Existing"
"2016-04-27T00:00:00.000",,"""G DIXON & ASSOCIATES INC""",,"Alteration","0","0",,"168",,"CINCINNATI","39.1119223447545","http://cagis.hamilton-co.org/opal/apd.aspx?QSPerm=2016P03491","-84.527212278647","1526 LINN ST","CINCINNATI","OH","45214","OBC","Non-Residential","2016P03491","CBPCBCP","Building","""013400010387""","""E""","ROUTE","In Review","0","0","CALT","Existing"
"2016-04-27T00:00:00.000",,"""JAMES E SCHULTZ""",,"Plumbing Permits","20000","20000",,"805.46",,"CINCINNATI","39.1206500148809","http://cagis.hamilton-co.org/opal/apd.aspx?QSPerm=2016P02940","-84.5273827678889","2145 CENTRAL PKWY","CINCINNATI","OH","45214","OBC","Non-Residential","2016P02940","CBPCPLGW","Plumbing Permits","""009600010010""","""R-2""","APPROVED","Approved",,"0","CNEW","New"
"2016-01-11T00:00:00.000",,"""KATHMAN ELECTRIC CO., INC.""","2016-04-27T00:00:00.000","Fire Protection Systems","35724","35724","2017-02-16T00:00:00.000","806.92","2016-02-17T00:00:00.000","CINCINNATI","39.1348050066494","http://cagis.hamilton-co.org/opal/apd.aspx?QSPerm=2016P00546","-84.6056286989441","3131 QUEEN CITY AV","CINCINNATI","OH","45238","OBC","Non-Residential","2016P00546","CBPCFAP","Fire Protection Systems","""024800040014""","""I-2""","CLOSED","Permit Finaled","11908","0","CALT","Existing"
"2016-04-19T00:00:00.000",,"""CINCINNATI SAFETY""","2016-04-27T00:00:00.000","Misc. Structures","2000","2000","2017-04-21T00:00:00.000","389.04","2016-04-21T00:00:00.000","CINCINNATI","39.0968894238968","http://cagis.hamilton-co.org/opal/apd.aspx?QSPerm=2016P03322","-84.511102396148","55 E FREEDOM WY","CINCINNATI","OH","45202","OBC","Non-Residential","2016P03322","CBPCTEMP","Misc. Structures","""008300070032""","""A-5""","CLOSED","Permit Finaled",,"0","CTENT","Existing"
"2016-04-13T00:00:00.000",,"""APOLLO HEATING & A/C""","2016-04-27T00:00:00.000","HVAC","0","0","2017-04-14T00:00:00.000","78.78","2016-04-14T00:00:00.000","CINCINNATI","39.1477566033751","http://cagis.hamilton-co.org/opal/apd.aspx?QSPerm=2016P03101","-84.4230719597881","3316 S STERLING WY","CINCINNATI","OH","45209","RCO","Residential","2016P03101","CBPCMCHR","HVAC","""003900020332""","""1-2-3 FM""","CLOSED","Permit Finaled",,"1","RR12","Existing"
"2015-09-03T00:00:00.000",,"""EVANS LANDSCAPING INC""","2016-04-27T00:00:00.000","Wrecking","20000","20000","2016-03-07T00:00:00.000","477.46","2015-09-25T00:00:00.000","CINCINNATI","39.1114391255991","http://cagis.hamilton-co.org/opal/apd.aspx?QSPerm=2015P07456","-84.5196544864924","218 W 15TH ST","CINCINNATI","OH","45202","OBC","Non-Residential","2015P07456","CBPCWRC","Wrecking","""008100020188""","""F-2""","CLOSED","Permit Finaled","9500","0","CDMO","Existing"
"2016-04-26T00:00:00.000",,"""RICH MACKNIGHT/ K W MECHANICALS INC""",,"Plumbing Permits","897.62","897.62","2017-04-27T00:00:00.000","43.43","2016-04-27T00:00:00.000","CINCINNATI","39.13006534622","http://cagis.hamilton-co.org/opal/apd.aspx?QSPerm=2016P02935","-84.5314130610264","2638 HALSTEAD ST","CINCINNATI","OH","45214","RCO","Residential","2016P02935","CBPCPLGW","Plumbing Permits","""009800030037""","""1-2-3 FM""","ISSUED","Permit Issued",,"1","RRPL","Existing"
"2016-04-26T00:00:00.000",,"""MID-AMERICAN GUNITE POOLS INC""",,"Misc. Structures","40000","40000","2017-04-27T00:00:00.000","764.09","2016-04-27T00:00:00.000","CINCINNATI","39.1346490230806","http://cagis.hamilton-co.org/opal/apd.aspx?QSPerm=2016P03449","-84.4485397912903","2545 HANDASYDE AV","CINCINNATI","OH","45208","RCO","Residential","2016P03449","CBPCSWP","Misc. Structures","""004600080135""","""B""","ISSUED","Permit Issued",,"0","RINGP","Existing"
"2016-02-02T00:00:00.000","2016-04-27T00:00:00.000","""KELLEY BROTHERS ROOFING, INC""","2016-04-27T00:00:00.000","Repair","49500","49500","2017-02-01T00:00:00.000","1524","2016-02-02T00:00:00.000","CINCINNATI","39.1305205447751","http://cagis.hamilton-co.org/opal/apd.aspx?QSPerm=2016P01047","-84.4976354107087","620 OAK ST","CINCINNATI","OH","45206","OBC","Non-Residential","2016P01047","CBPCBCP","Building","""009100020001""","""I-2""","CLOSED","Permit Finaled","0","0","CRPR","Existing"
"2016-03-15T00:00:00.000",,"""CHRIS M HOLTHAUS/RICH HOLTHAUS PLUMBING CO""",,"Plumbing Permits","2000","2000","2017-04-27T00:00:00.000","230.72","2016-04-27T00:00:00.000","CINCINNATI","39.1472591832412","http://cagis.hamilton-co.org/opal/apd.aspx?QSPerm=2016P01699","-84.4283839463241","3862 PAXTON AV","CINCINNATI","OH","45209","OBC","Non-Residential","2016P01699","CBPCPLGW","Plumbing Permits","""00390A030002""","""B""","ISSUED","Permit Issued",,"0","CNEW","New"
"2016-03-08T00:00:00.000",,"""ANDERSON AUTOMATIC HEATING""","2016-04-27T00:00:00.000","HVAC","0","0","2017-03-08T00:00:00.000","78.78","2016-03-08T00:00:00.000","CINCINNATI","39.0821653294118","http://cagis.hamilton-co.org/opal/apd.aspx?QSPerm=2016P01965","-84.6195933696041","151 PALISADES PTE","CINCINNATI","OH","45238","RCO","Residential","2016P01965","CBPCMCHR","HVAC","""016000730154""","""1-2-3 FM""","CLOSED","Permit Finaled",,"1","RR12","Existing"
"2016-01-07T00:00:00.000",,"""DESIGN BUILD GENERAL CONTRACTOR""",,"Excavation/Fill","0","0","2017-04-27T00:00:00.000","7480.35","2016-04-27T00:00:00.000","CINCINNATI","39.1120460914536","http://cagis.hamilton-co.org/opal/apd.aspx?QSPerm=2016P00385","-84.5171302484243","1514 RACE ST","CINCINNATI","OH","45202","OBC","Non-Residential","2016P00385","CBPCBCP","Excavation/Fill","""008100040266""","""R-3""","ISSUED","Permit Issued",,"0","CNEW","New"
"2016-02-02T00:00:00.000","2016-04-27T00:00:00.000","""R & R REMODELING LLC DBA RICHARDSON AND RICE""","2016-04-27T00:00:00.000","Alteration","3000","3000","2017-02-01T00:00:00.000","236.13","2016-02-02T00:00:00.000","CINCINNATI","39.1370357982021","http://cagis.hamilton-co.org/opal/apd.aspx?QSPerm=2016P01025","-84.4386967932997","2819 OBSERVATORY AV","CINCINNATI","OH","45208","RCO","Residential","2016P01025","CBPCBCP","Building","""004600030043""","""1-2-3 FM""","CLOSED","Permit Finaled","0","1","RALT","Existing"
"2016-04-27T00:00:00.000",,"""JOSEPH H KLOSTERMAN/JOE KLOSTERMAN PLUMBING""",,"Plumbing Permits","10870","10870",,"467.63",,"CINCINNATI","39.1153641249699","http://cagis.hamilton-co.org/opal/apd.aspx?QSPerm=2016P02942","-84.511574258107","312 MULBERRY ST","CINCINNATI","OH","45202","RCO","Residential","2016P02942","CBPCPLGW","Plumbing Permits","""009400060012""","""1-2-3 FM""","APPLIED","Application Accepted",,"1","RNEW","New"
"2016-04-20T00:00:00.000",,"""RICHARD ROBINSON/ THOMPSON HEATING CORP""",,"Plumbing Permits","1706.11","1706.11","2017-04-27T00:00:00.000","43.43","2016-04-27T00:00:00.000","CINCINNATI","39.1016490470628","http://cagis.hamilton-co.org/opal/apd.aspx?QSPerm=2016P02897","-84.3800805446079","6470 COPPERLEAF LN","CINCINNATI","OH","45230","RCO","Residential","2016P02897","CBPCPLGW","Plumbing Permits","""000300090154""","""1-2-3 FM""","ISSUED","Permit Issued",,"1","RRPL","Existing"
"2016-04-27T00:00:00.000",,"""MILLAY  & CO""",,"Alteration","0","0",,"168",,"CINCINNATI","39.1215496410148","http://cagis.hamilton-co.org/opal/apd.aspx?QSPerm=2016P03480","-84.537160747335","2142 WESTERN AV","CINCINNATI","OH","45214","OBC","Non-Residential","2016P03480","CBPCBCP","Building","""018600060106""","""F-1""","ROUTE","In Review","0","0","CALT","Existing"
"2016-04-25T00:00:00.000",,"""BRIAN CARRIER/ CARRIER PLUMBING""",,"Plumbing Permits","185","185","2017-04-27T00:00:00.000","43.43","2016-04-27T00:00:00.000","CINCINNATI","39.17871702434","http://cagis.hamilton-co.org/opal/apd.aspx?QSPerm=2016P02919","-84.4603754579646","5202 LACONIA AV","CINCINNATI","OH","45237","RCO","Residential","2016P02919","CBPCPLGW","Plumbing Permits","""01190A020016""","""1-2-3 FM""","ISSUED","Permit Issued",,"1","RRPL","Existing"
"2016-04-27T00:00:00.000",,"""O'ROURKE WRECKING COMPANY""",,"Wrecking","2000000","2000000",,"84",,"CINCINNATI","39.0997535416985","http://cagis.hamilton-co.org/opal/apd.aspx?QSPerm=2016P03470","-84.5152304882602","118 W 4TH ST","CINCINNATI","OH","45202","OBC","Non-Residential","2016P03470","CBPCWRC","Wrecking","""014500010304""","""S-1""","ROUTE","In Review","0","0","CDMO","Existing"
"2016-04-27T00:00:00.000",,"""JEREMIAH DUGAR""",,"Alteration","12500","12500","2017-04-27T00:00:00.000","359.01","2016-04-27T00:00:00.000","CINCINNATI","39.1166999440063","http://cagis.hamilton-co.org/opal/apd.aspx?QSPerm=2016P03488","-84.5148311776743","101 PEETE ST","CINCINNATI","OH","45202","OBC","Non-Residential","2016P03488","CBPCBCP","Building","""009400050220""","""R-2""","ISSUED","Permit Issued","0","7","RALT","Existing"
"2016-04-13T00:00:00.000",,"""OWNER""",,"Alteration","70000","70000","2017-04-27T00:00:00.000","1437","2016-04-27T00:00:00.000","CINCINNATI","39.130146860331","http://cagis.hamilton-co.org/opal/apd.aspx?QSPerm=2016P03092","-84.5041692153801","2648 BELLEVUE AV","CINCINNATI","OH","45219","RCO","Residential","2016P03092","CBPCBCP","Building","""009200010110""","""1-2-3 FM""","ISSUED","Permit Issued","0","2","RALT","Existing"
"2016-04-27T00:00:00.000",,"""THOMPSON HTG""",,"HVAC","17975","17975","2017-04-27T00:00:00.000","108.07","2016-04-27T00:00:00.000","CINCINNATI","39.1539739458463","http://cagis.hamilton-co.org/opal/apd.aspx?QSPerm=2016P02326","-84.5212610553446","3826 MIDDLETON AV","CINCINNATI","OH","45220","RCO","Residential","2016P02326","CBPCMCHR","HVAC","""021800580089""","""1-2-3 FM""","ISSUED","Permit Issued",,"1","RR12","Existing"
"2015-04-07T00:00:00.000",,"""JOHN MCCART""","2016-04-27T00:00:00.000","HVAC","2500","2500","2016-05-17T00:00:00.000","628.09","2015-05-18T00:00:00.000","CINCINNATI","39.146344855107","http://cagis.hamilton-co.org/opal/apd.aspx?QSPerm=2015P02802","-84.4374334337187","3751 HYDE PARK AV","CINCINNATI","OH","45209","RCO","Residential","2015P02802","CBPCBCP","HVAC","""004000020104""","""1-2-3 FM""","CLOSED","Permit Finaled",,"0","RALT","Existing"
"2016-04-27T00:00:00.000",,"""CONCORD FIRE PROTECTION INC""",,"Fire Protection Systems","0","0",,"84",,"CINCINNATI","39.1455087416869","http://cagis.hamilton-co.org/opal/apd.aspx?QSPerm=2016P03481","-84.4602183013905","2135 DANA AV","CINCINNATI","OH","45207","OBC","Non-Residential","2016P03481","CBPCSUP","Fire Protection Systems","""005700060010""","""B""","ROUTE","In Review",,"0","CALT","Existing"
"2015-05-20T00:00:00.000",,"""JEFF ARMBRUSTER""","2016-04-27T00:00:00.000","Plumbing Permits","2500","2500","2016-05-19T00:00:00.000","281.79","2015-05-20T00:00:00.000","CINCINNATI","39.1241452464472","http://cagis.hamilton-co.org/opal/apd.aspx?QSPerm=2015P03583","-84.4807350755527","1340 FLEMING ST","CINCINNATI","OH","45206","RCO","Residential","2015P03583","CBPCPLGW","Plumbing Permits","""006300020095""","""1-2-3 FM""","CLOSED","Permit Finaled",,"1","RNEW","New"
"2016-02-18T00:00:00.000",,"""KOCH REFRIGERATION""","2016-04-27T00:00:00.000","HVAC","10000","10000","2017-03-07T00:00:00.000","428.24","2016-03-07T00:00:00.000","CINCINNATI","39.192641394284","http://cagis.hamilton-co.org/opal/apd.aspx?QSPerm=2016P01528","-84.4983253399184","5845 HIGHLAND RIDGE DR","CINCINNATI","OH","45232","OBC","Non-Residential","2016P01528","CBPCMCH","HVAC","""023800040037""","""S-2""","CLOSED","Permit Finaled",,"0","CALT","Existing"
"2016-04-27T00:00:00.000",,"""STEVEN A. BOERGER/RECKER AND BOERGER""",,"Plumbing Permits","729.99","729.99","2017-04-27T00:00:00.000","43.43","2016-04-27T00:00:00.000","CINCINNATI","39.1467866008965","http://cagis.hamilton-co.org/opal/apd.aspx?QSPerm=2016P02944","-84.430377768038","3765 FERDINAND PL","CINCINNATI","OH","45209","RCO","Residential","2016P02944","CBPCPLGW","Plumbing Permits","""00390A030077""","""1-2-3 FM""","ISSUED","Permit Issued",,"1","RRPL","Existing"
"2016-04-26T00:00:00.000",,"""RUSK HTG CO""",,"HVAC","4882","4882","2017-04-27T00:00:00.000","169.68","2016-04-27T00:00:00.000","CINCINNATI","39.1515479435542","http://cagis.hamilton-co.org/opal/apd.aspx?QSPerm=2016P03460","-84.3782477644237","6826 PALMETTO ST","CINCINNATI","OH","45227","RCO","Residential","2016P03460","CBPCMCH","HVAC","""003700050160""","""1-2-3 FM""","ISSUED","Permit Issued",,"1","RALT","Existing"
"2015-12-29T00:00:00.000","2016-04-27T00:00:00.000","""LIPPS & SON CONSTRUCTION CO., INC""","2016-04-27T00:00:00.000","Alteration","85000","85000","2017-01-13T00:00:00.000","1386.79","2016-01-14T00:00:00.000","CINCINNATI","39.1308027777675","http://cagis.hamilton-co.org/opal/apd.aspx?QSPerm=2015P10526","-84.4992654435613","510 OAK ST","CINCINNATI","OH","45219","OBC","Non-Residential","2015P10526","CBPCBCP","Building","""009100010046""","""I-2""","CLOSED","Permit Finaled","0","0","CALT","Existing"
"2016-04-27T00:00:00.000",,"""PEOPLE WORKING COOPERATIVELY""",,"HVAC","4650","4650","2017-04-27T00:00:00.000","78.78","2016-04-27T00:00:00.000","CINCINNATI","39.1171676971825","http://cagis.hamilton-co.org/opal/apd.aspx?QSPerm=2016P02325","-84.5068664920061","408 CARMALT ST","CINCINNATI","OH","45219","RCO","Residential","2016P02325","CBPCMCHR","HVAC","""008700040154""","""1-2-3 FM""","ISSUED","Permit Issued",,"1","RR12","Existing"
"2015-01-12T00:00:00.000",,"""QUEEN CITY AWNING""","2016-04-27T00:00:00.000","Signs","4700","4700","2016-01-22T00:00:00.000","310.63","2015-01-22T00:00:00.000","CINCINNATI","39.1445953074421","http://cagis.hamilton-co.org/opal/apd.aspx?QSPerm=2015P00478","-84.4339889522259","2940 WASSON RD","CINCINNATI","OH","45209","OBC","Non-Residential","2015P00478","CBPCSGN","Signs","""003900050120""","""B""","CLOSED","Permit Finaled",,"0","CALT","Existing"
"2014-04-11T00:00:00.000","2016-04-27T00:00:00.000",,"2016-04-27T00:00:00.000","Alteration","362000","362000","2015-05-21T00:00:00.000","12278.8","2014-05-21T00:00:00.000","CINCINNATI","39.1099634173403","http://cagis.hamilton-co.org/opal/apd.aspx?QSPerm=2014P02588","-84.5491172527061","1081 WOODROW ST","CINCINNATI","OH","45204","OBC","Non-Residential","2014P02588","CBPCBCP","Building","""014800110032""","""B""","CLOSED","Permit Finaled","0","0","CALT","Existing"
"2016-01-27T00:00:00.000",,"""CONCORD FIRE PROTECTION INC""","2016-04-27T00:00:00.000","Fire Protection Systems","2200","2200","2017-02-10T00:00:00.000","326.72","2016-02-11T00:00:00.000","CINCINNATI","39.1308027777675","http://cagis.hamilton-co.org/opal/apd.aspx?QSPerm=2016P00938","-84.4992654435613","510 OAK ST","CINCINNATI","OH","45219","OBC","Non-Residential","2016P00938","CBPCSUP","Fire Protection Systems","""009100010046""","""I-2""","CLOSED","Permit Finaled",,"0","CALT","Existing"
"2016-04-27T00:00:00.000",,"""STEVEN A. BOERGER/RECKER AND BOERGER""",,"Plumbing Permits","779.99","779.99","2017-04-27T00:00:00.000","43.43","2016-04-27T00:00:00.000","CINCINNATI","39.1344278240488","http://cagis.hamilton-co.org/opal/apd.aspx?QSPerm=2016P02943","-84.418165632327","1344 CUSTER AV","CINCINNATI","OH","45208","RCO","Residential","2016P02943","CBPCPLGW","Plumbing Permits","""002200040022""","""1-2-3 FM""","ISSUED","Permit Issued",,"1","RRPL","Existing"
"2015-09-29T00:00:00.000","2016-04-27T00:00:00.000",,"2016-04-27T00:00:00.000","Addition","125000","125000","2016-09-29T00:00:00.000","1789","2015-09-30T00:00:00.000","CINCINNATI","39.1356589568214","http://cagis.hamilton-co.org/opal/apd.aspx?QSPerm=2015P08080","-84.4301956902654","3004 SPRINGER AV","CINCINNATI","OH","45208","RCO","Residential","2015P08080","CBPCBCP","Building","""004300030119""","""1-2-3 FM""","CLOSED","Permit Finaled","0","1","RADD","Existing"
"2015-09-14T00:00:00.000",,"""DISPOSAL SOLUTIONS""","2016-04-27T00:00:00.000","Wrecking","25000","25000","2016-06-23T00:00:00.000","428.42","2016-02-24T00:00:00.000","CINCINNATI","39.1090774606593","http://cagis.hamilton-co.org/opal/apd.aspx?QSPerm=2015P07658","-84.4958666912253","979 HATCH ST","CINCINNATI","OH","45202","RCO","Residential","2015P07658","CBPCWRC","Wrecking","""007200010437""","""1-2-3 FM""","CLOSED","Permit Finaled","6000","1","RDMO","Existing"
"2016-04-22T00:00:00.000",,"""TONY CORBIN/CORBIN PLUMBING LLC""",,"Plumbing Permits","3600","3600","2017-04-27T00:00:00.000","223.21","2016-04-27T00:00:00.000","CINCINNATI","39.1450087621679","http://cagis.hamilton-co.org/opal/apd.aspx?QSPerm=2016P02915","-84.4358730449718","3715 DRAKE AV","CINCINNATI","OH","45209","RCO","Residential","2016P02915","CBPCPLGW","Plumbing Permits","""004000020026""","""1-2-3 FM""","ISSUED","Permit Issued",,"1","RNEW","New"
"2016-04-27T00:00:00.000",,"""OHIO DISMANTLE""",,"Wrecking","9000","9000",,"30",,"CINCINNATI","39.1869441852336","http://cagis.hamilton-co.org/opal/apd.aspx?QSPerm=2016P03472","-84.4273099289117","3235 BEREDITH PL","CINCINNATI","OH","45213","RCO","Residential","2016P03472","CBPCWRC","Wrecking","""012400010018""","""1-2-3 FM""","ROUTE","In Review","0","1","RDMO","Existing"
"2016-04-27T00:00:00.000",,"""ALLGEIER AND SON INC""",,"Wrecking","20100","20100",,"84",,"CINCINNATI","39.1755033044178","http://cagis.hamilton-co.org/opal/apd.aspx?QSPerm=2016P03483","-84.4667355968604","4888 READING RD","CINCINNATI","OH","45237","OBC","Non-Residential","2016P03483","CBPCWRC","Wrecking","""011900020536""","""A-2 (1)""","ROUTE","In Review","0","0","CDMO","Existing"
"2016-04-27T00:00:00.000",,"""THOMPSON HTG""",,"HVAC","7523","7523","2017-04-27T00:00:00.000","78.78","2016-04-27T00:00:00.000","CINCINNATI","39.1947856967811","http://cagis.hamilton-co.org/opal/apd.aspx?QSPerm=2016P02327","-84.4662095564619","1406 LAKELAND AV","CINCINNATI","OH","45237","RCO","Residential","2016P02327","CBPCMCHR","HVAC","""01170A070200""","""1-2-3 FM""","ISSUED","Permit Issued",,"1","RR12","Existing"
"2015-04-13T00:00:00.000","2016-04-27T00:00:00.000","""OWNER""","2016-04-27T00:00:00.000","Alteration","2000","2000","2016-06-18T00:00:00.000","642.63","2015-06-19T00:00:00.000","CINCINNATI","39.1597887467254","http://cagis.hamilton-co.org/opal/apd.aspx?QSPerm=2015P02891","-84.5326848368877","4227 SPRING GROVE AV","CINCINNATI","OH","45223","OBC","Non-Residential","2015P02891","CBPCBCP","Building","""022100190105""","""A-2 (1)""","CLOSED","Permit Finaled","0","0","CALT","Existing"
"2016-04-12T00:00:00.000",,,,"Wrecking","5000","5000","2016-08-25T00:00:00.000","153.01","2016-04-27T00:00:00.000","CINCINNATI","39.1525522891961","http://cagis.hamilton-co.org/opal/apd.aspx?QSPerm=2016P03066","-84.6033561030617","3507 BOUDINOT AV","CINCINNATI","OH","45211","OBC","Non-Residential","2016P03066","CBPCWRC","Wrecking","""021100720076""","""R-2""","ISSUED","Permit Issued","792","6","RDMO","Existing"
"2016-04-07T00:00:00.000",,"""BECKER FIRE PROTECTION  LLC""","2016-04-27T00:00:00.000","Fire Protection Systems","2200","2200","2017-04-08T00:00:00.000","772.72","2016-04-08T00:00:00.000","CINCINNATI","39.1445334625662","http://cagis.hamilton-co.org/opal/apd.aspx?QSPerm=2016P02996","-84.5412442572259","3300 SPRING GROVE AV","CINCINNATI","OH","45225","OBC","Non-Residential","2016P02996","CBPCSUP","Fire Protection Systems","""019000290164""","""B""","CLOSED","Permit Finaled",,"0","CALT","Existing"
"2015-11-18T00:00:00.000","2016-04-27T00:00:00.000","""BACH LAWN & LANDSCAPING, LLC""","2016-04-27T00:00:00.000","Alteration","14040","14040","2016-11-29T00:00:00.000","511.96","2015-11-30T00:00:00.000","CINCINNATI","39.1490818644644","http://cagis.hamilton-co.org/opal/apd.aspx?QSPerm=2015P09670","-84.4358511825165","2933 MADISON RD","CINCINNATI","OH","45209","RCO","Residential","2015P09670","CBPCBCP","Building","""004000010032""","""1-2-3 FM""","CLOSED","Permit Finaled","360","1","RALT","Existing"
"2016-04-27T00:00:00.000",,"""G DIXON & ASSOCIATES INC""",,"HVAC","450","450",,"168",,"CINCINNATI","39.1119223447545","http://cagis.hamilton-co.org/opal/apd.aspx?QSPerm=2016P03491","-84.527212278647","1526 LINN ST","CINCINNATI","OH","45214","OBC","Non-Residential","2016P03491","CBPCBCP","HVAC","""013400010387""","""E""","ROUTE","In Review",,"0","CALT","Existing"
"2015-12-18T00:00:00.000",,"""JACOBS MECHANICAL INC""","2016-04-27T00:00:00.000","HVAC","22000","22000","2016-12-29T00:00:00.000","2303.5","2015-12-30T00:00:00.000","CINCINNATI","39.1030945339979","http://cagis.hamilton-co.org/opal/apd.aspx?QSPerm=2015P10361","-84.5064438517694","418 E 5TH ST","CINCINNATI","OH","45202","OBC","Non-Residential","2015P10361","CBPCBCP","HVAC","""007800030060""","""B""","CLOSED","Permit Finaled",,"0","CALT","Existing"
"2015-10-01T00:00:00.000","2016-04-27T00:00:00.000","""GRAYBACH, LLC""","2016-04-27T00:00:00.000","Alteration","7500","7500","2016-09-30T00:00:00.000","822.72","2015-10-01T00:00:00.000","CINCINNATI","39.1039795731538","http://cagis.hamilton-co.org/opal/apd.aspx?QSPerm=2015P08146","-84.5102053666033","652 MAIN ST","CINCINNATI","OH","45202","OBC","Non-Residential","2015P08146","CBPCBCP","Building","""007900040016""","""B""","CLOSED","Permit Finaled","0","0","CALT","Existing"
"2016-04-13T00:00:00.000",,"""OWNER""",,"HVAC","7000","7000","2017-04-27T00:00:00.000","1437","2016-04-27T00:00:00.000","CINCINNATI","39.130146860331","http://cagis.hamilton-co.org/opal/apd.aspx?QSPerm=2016P03092","-84.5041692153801","2648 BELLEVUE AV","CINCINNATI","OH","45219","RCO","Residential","2016P03092","CBPCBCP","HVAC","""009200010110""","""1-2-3 FM""","ISSUED","Permit Issued",,"0","RALT","Existing"
"2016-04-26T00:00:00.000",,"""KELLY J WILLIAMS/K-PLUMBING""",,"Plumbing Permits","5250","5250","2017-04-27T00:00:00.000","163.77","2016-04-27T00:00:00.000","CINCINNATI","39.159730658486","http://cagis.hamilton-co.org/opal/apd.aspx?QSPerm=2016P02932","-84.3933453124913","4901 WHETSEL AV","CINCINNATI","OH","45227","OBC","Non-Residential","2016P02932","CBPCPLGW","Plumbing Permits","""003600020070""","""A-2 (1)""","ISSUED","Permit Issued",,"0","CNEW","New"
"2016-04-27T00:00:00.000",,"""ERIC BIEDENBACH/HOMER BIEDENBACH AND SON LLC""",,"Plumbing Permits","8200","8200","2017-04-27T00:00:00.000","179.78","2016-04-27T00:00:00.000","CINCINNATI","39.1414812610336","http://cagis.hamilton-co.org/opal/apd.aspx?QSPerm=2016P02950","-84.4441551307332","3546 ZUMSTEIN AV","CINCINNATI","OH","45208","RCO","Residential","2016P02950","CBPCPLGW","Plumbing Permits","""004100040107""","""1-2-3 FM""","ISSUED","Permit Issued",,"1","RNEW","New"
"2016-03-24T00:00:00.000",,"""J BEISCHEL ELECTRIC""","2016-04-27T00:00:00.000","Fire Protection Systems","9600","9600","2017-04-18T00:00:00.000","569.72","2016-04-18T00:00:00.000","CINCINNATI","39.1021261412127","http://cagis.hamilton-co.org/opal/apd.aspx?QSPerm=2016P02652","-84.5086015386515","250 E 5TH ST","CINCINNATI","OH","45202","OBC","Non-Residential","2016P02652","CBPCFAP","Fire Protection Systems","""007800020045""","""B""","CLOSED","Permit Finaled","3200","0","CALT","Existing"
"2016-04-27T00:00:00.000",,"""OWNER""",,"Misc. Structures","0","0",,"30",,"CINCINNATI","39.1525922119552","http://cagis.hamilton-co.org/opal/apd.aspx?QSPerm=2016P03469","-84.4372952273083","2813 MINOT AV","CINCINNATI","OH","45209","RCO","Residential","2016P03469","CBPCBCP","Building","""004900040277""","""1-2-3 FM""","ROUTE","In Review","0","1","RACC","Existing"
"2016-04-19T00:00:00.000",,"""VFP FIRE SYSTEMS""",,"Fire Protection Systems","5000","5000","2017-04-27T00:00:00.000","326.72","2016-04-27T00:00:00.000","CINCINNATI","39.16764052307","http://cagis.hamilton-co.org/opal/apd.aspx?QSPerm=2016P03311","-84.4108873768843","5001 KINGSLEY DR","CINCINNATI","OH","45227","OBC","Non-Residential","2016P03311","CBPCSUP","Fire Protection Systems","""005100110063""","""B""","ISSUED","Permit Issued",,"0","CALT","Existing"
"2016-04-27T00:00:00.000",,"""COWAN'S CUSTOM CARPENTRY, INC""",,"Addition","0","0",,"30",,"CINCINNATI","39.164202873803","http://cagis.hamilton-co.org/opal/apd.aspx?QSPerm=2016P03474","-84.5343647424335","4227 CHAMBERS ST","CINCINNATI","OH","45223","RCO","Residential","2016P03474","CBPCBCP","Building","""022100200080""","""1-2-3 FM""","ROUTE","In Review","0","1","RADD","Existing"
"2014-08-13T00:00:00.000","2016-04-27T00:00:00.000","""A&L PROPERTIES LLC""","2016-04-27T00:00:00.000","New Building","175812","175812","2016-10-24T00:00:00.000","2049.19","2014-10-28T00:00:00.000","CINCINNATI","39.1114795408511","http://cagis.hamilton-co.org/opal/apd.aspx?QSPerm=2014P06012","-84.5073704506952","1335 PENDLETON ST","CINCINNATI","OH","45202","RCO","Residential","2014P06012","CBPCBCP","Building","""007500020205""","""1-2-3 FM""","CLOSED","Permit Finaled","0","3","RNEW","New"
"2016-04-27T00:00:00.000",,"""APOLLO HEATING & A/C""",,"HVAC","1000","1000","2017-04-27T00:00:00.000","78.78","2016-04-27T00:00:00.000","CINCINNATI","39.1453853009393","http://cagis.hamilton-co.org/opal/apd.aspx?QSPerm=2016P02322","-84.4358551989668","3727 DRAKE AV","CINCINNATI","OH","45209","RCO","Residential","2016P02322","CBPCMCHR","HVAC","""004000020029""","""1-2-3 FM""","ISSUED","Permit Issued",,"1","RR12","Existing"
"2016-04-05T00:00:00.000",,"""OHIO DISMANTLE""",,"Wrecking","10000","10000","2016-08-25T00:00:00.000","287.02","2016-04-27T00:00:00.000","CINCINNATI",,"http://cagis.hamilton-co.org/opal/apd.aspx?QSPerm=2016P02870",,"1011 KINMONT ST","CINCINNATI","OH",,"RCO","Residential","2016P02870","CBPCWRC","Wrecking","""004400040058""","""1-2-3 FM""","ISSUED","Permit Issued","1500","1","RDMO","Existing"
"2016-04-26T00:00:00.000",,"""RICH MACKNIGHT/ K W MECHANICALS INC""",,"Plumbing Permits","934.61","934.61","2017-04-27T00:00:00.000","43.43","2016-04-27T00:00:00.000","CINCINNATI","39.1530011891001","http://cagis.hamilton-co.org/opal/apd.aspx?QSPerm=2016P02937","-84.3821135335862","6715 MERWIN AV","CINCINNATI","OH","45227","RCO","Residential","2016P02937","CBPCPLGW","Plumbing Permits","""003700020139""","""1-2-3 FM""","ISSUED","Permit Issued",,"1","RRPL","Existing"
"2016-03-25T00:00:00.000",,"""STERGER GROUP LTD""",,"Alteration","1800","1800","2017-04-27T00:00:00.000","169.13","2016-04-27T00:00:00.000","CINCINNATI","39.1646560861594","http://cagis.hamilton-co.org/opal/apd.aspx?QSPerm=2016P02667","-84.3915765497399","5331 WARD ST","CINCINNATI","OH","45227","RCO","Residential","2016P02667","CBPCBCP","Building","""003400020041""","""1-2-3 FM""","ISSUED","Permit Issued","0","1","RALT","Existing"
"2016-04-01T00:00:00.000",,"""OWNER""",,"Alteration","35000","35000","2017-04-27T00:00:00.000","644.52","2016-04-27T00:00:00.000","CINCINNATI","39.1673644820123","http://cagis.hamilton-co.org/opal/apd.aspx?QSPerm=2016P02773","-84.543237424104","1632 BRUCE AV","CINCINNATI","OH","45223","RCO","Residential","2016P02773","CBPCBCP","Building","""019700360115""","""1-2-3 FM""","ISSUED","Permit Issued","0","1","RALT","Existing"
"2016-04-27T00:00:00.000",,"""FIRST CHOICE HOME MAINTENANCE LLC""",,"Alteration","8080","8080","2017-04-27T00:00:00.000","329.07","2016-04-27T00:00:00.000","CINCINNATI","39.1601802535495","http://cagis.hamilton-co.org/opal/apd.aspx?QSPerm=2016P03486","-84.6002577666813","3109 WESTWOOD NORTHERN BLVD","CINCINNATI","OH","45211","RCO","Residential","2016P03486","CBPCBCP","Building","""021000780171""","""1-2-3 FM""","ISSUED","Permit Issued","0","1","RALT","Existing"
"2016-04-01T00:00:00.000",,"""OHIO DISMANTLE""",,"Wrecking","17000","17000","2016-08-25T00:00:00.000","97.67","2016-04-27T00:00:00.000","CINCINNATI","39.1343550895291","http://cagis.hamilton-co.org/opal/apd.aspx?QSPerm=2016P02809","-84.4915310208739","3046 STANTON AV","CINCINNATI","OH","45206","RCO","Residential","2016P02809","CBPCWRC","Wrecking","""006500010120""","""1-2-3 FM""","ISSUED","Permit Issued","625","1","RDMO","Existing"
"2015-10-26T00:00:00.000",,"""SIGNET SERVICES INC.""","2016-04-27T00:00:00.000","HVAC","3500","3500","2016-12-20T00:00:00.000","1036.44","2015-12-21T00:00:00.000","CINCINNATI","39.1097984281277","http://cagis.hamilton-co.org/opal/apd.aspx?QSPerm=2015P09071","-84.564601813921","3301 WARSAW AV","CINCINNATI","OH","45205","OBC","Non-Residential","2015P09071","CBPCBCP","HVAC","""017500170137""","""B""","CLOSED","Permit Finaled",,"0","CALT","Existing"
"2016-04-22T00:00:00.000",,"""PEOPLE WORKING COOPERATIVELY""",,"HVAC","4600","4600","2017-04-27T00:00:00.000","78.78","2016-04-27T00:00:00.000","CINCINNATI","39.1412696274257","http://cagis.hamilton-co.org/opal/apd.aspx?QSPerm=2016P02318","-84.6213188372204","3551 WERK RD","CINCINNATI","OH","45211","RCO","Residential","2016P02318","CBPCMCHR","HVAC","""021200690014""","""1-2-3 FM""","ISSUED","Permit Issued",,"1","RR12","Existing"
"2016-04-27T00:00:00.000",,"""JEREMIAH DUGAR""",,"Alteration","12500","12500","2017-04-27T00:00:00.000","359.01","2016-04-27T00:00:00.000","CINCINNATI","39.1167138526642","http://cagis.hamilton-co.org/opal/apd.aspx?QSPerm=2016P03489","-84.5148209998435","105 PEETE ST","CINCINNATI","OH","45202","OBC","Non-Residential","2016P03489","CBPCBCP","Building","""009400050220""","""R-2""","ISSUED","Permit Issued","0","5","RALT","Existing"
"2016-04-05T00:00:00.000",,"""OHIO DISMANTLE""",,"Excavation/Fill","0","0","2016-08-25T00:00:00.000","287.02","2016-04-27T00:00:00.000","CINCINNATI",,"http://cagis.hamilton-co.org/opal/apd.aspx?QSPerm=2016P02870",,"1011 KINMONT ST","CINCINNATI","OH",,"RCO","Residential","2016P02870","CBPCWRC","Excavation/Fill","""004400040058""","""1-2-3 FM""","ISSUED","Permit Issued",,"0","RDMO","Existing"
"2016-04-27T00:00:00.000",,"""STEVEN A. BOERGER/RECKER AND BOERGER""",,"Plumbing Permits","779.99","779.99","2017-04-27T00:00:00.000","43.43","2016-04-27T00:00:00.000","CINCINNATI","39.1846963254555","http://cagis.hamilton-co.org/opal/apd.aspx?QSPerm=2016P02946","-84.4297078195615","3117 TROY AV","CINCINNATI","OH","45213","RCO","Residential","2016P02946","CBPCPLGW","Plumbing Permits","""012200030033""","""1-2-3 FM""","ISSUED","Permit Issued",,"1","RRPL","Existing"
"2015-04-02T00:00:00.000",,"""ONE STOP SIGNS""","2016-04-27T00:00:00.000","Signs","23000","23000","2016-08-11T00:00:00.000","669.24","2015-08-12T00:00:00.000","CINCINNATI","39.166763534776","http://cagis.hamilton-co.org/opal/apd.aspx?QSPerm=2015P02558","-84.5103641730039","268 W MITCHELL AV","CINCINNATI","OH","45232","OBC","Non-Residential","2015P02558","CBPCSGN","Signs","""022300030002""","""B""","CLOSED","Permit Finaled",,"0","COMM","Existing"
"2016-04-25T00:00:00.000",,"""JOSEPH H KLOSTERMAN/JOE KLOSTERMAN PLUMBING""",,"Plumbing Permits","9675","9675","2017-04-27T00:00:00.000","256.54","2016-04-27T00:00:00.000","CINCINNATI","39.1389898989806","http://cagis.hamilton-co.org/opal/apd.aspx?QSPerm=2016P02930","-84.4254241315298","3522 BAYARD DR","CINCINNATI","OH","45208","RCO","Residential","2016P02930","CBPCPLGW","Plumbing Permits","""00390A060128""","""1-2-3 FM""","ISSUED","Permit Issued",,"1","RNEW","New"
"2015-12-17T00:00:00.000",,"""TRI-STATE SIGNS  UNLIMITED""","2016-04-27T00:00:00.000","Signs","3500","3500","2017-01-18T00:00:00.000","502.72","2016-01-19T00:00:00.000","CINCINNATI","39.163199743125","http://cagis.hamilton-co.org/opal/apd.aspx?QSPerm=2015P10331","-84.5134760228966","4770 KENARD AV","CINCINNATI","OH","45232","OBC","Non-Residential","2015P10331","CBPCSGN","Signs","""022300020047""","""M""","CLOSED","Permit Finaled",,"0","COMM","Existing"
"2015-04-23T00:00:00.000","2016-04-27T00:00:00.000","""HYDE PARK PAINTING & CARPENTRY CO INC""","2016-04-27T00:00:00.000","Addition","23000","23000","2016-06-22T00:00:00.000","760.08","2015-06-23T00:00:00.000","CINCINNATI","39.150396117561","http://cagis.hamilton-co.org/opal/apd.aspx?QSPerm=2015P03189","-84.4331256956765","3890 DRAKEWOOD DR","CINCINNATI","OH","45209","RCO","Residential","2015P03189","CBPCBCP","Building","""003900040145""","""1-2-3 FM""","CLOSED","Permit Finaled","0","1","RADD","Existing"
"2015-08-27T00:00:00.000","2016-04-27T00:00:00.000","""AMERIDIAN SPECIALTY SERVICES INC""","2016-04-27T00:00:00.000","Repair","65200","65200","2016-08-26T00:00:00.000","919.2","2015-08-27T00:00:00.000","CINCINNATI","39.1472591832412","http://cagis.hamilton-co.org/opal/apd.aspx?QSPerm=2015P07115","-84.4283839463241","3862 PAXTON AV","CINCINNATI","OH","45209","OBC","Non-Residential","2015P07115","CBPCBCP","Building","""00390A030002""","""M""","CLOSED","Permit Finaled","0","0","CRPR","Existing"
"2014-08-13T00:00:00.000",,"""A&L PROPERTIES LLC""","2016-04-27T00:00:00.000","HVAC","8000","8000","2016-10-24T00:00:00.000","2049.19","2014-10-28T00:00:00.000","CINCINNATI","39.1114795408511","http://cagis.hamilton-co.org/opal/apd.aspx?QSPerm=2014P06012","-84.5073704506952","1335 PENDLETON ST","CINCINNATI","OH","45202","RCO","Residential","2014P06012","CBPCBCP","HVAC","""007500020205""","""1-2-3 FM""","CLOSED","Permit Finaled",,"0","RNEW","New"
"2016-04-06T00:00:00.000",,"""JOHN E CARRIGAN IV/JOHN E CARRIGAN PLUMBING CO""","2016-04-27T00:00:00.000","Plumbing Permits","3500","3500","2017-04-14T00:00:00.000","85.49","2016-04-14T00:00:00.000","CINCINNATI","39.1022672051327","http://cagis.hamilton-co.org/opal/apd.aspx?QSPerm=2016P02065","-84.5113936036244","530 WALNUT ST","CINCINNATI","OH","45202","OBC","Non-Residential","2016P02065","CBPCPLGW","Plumbing Permits","""007800010006""","""B""","CLOSED","Permit Finaled",,"0","CNEW","New"
"2016-02-23T00:00:00.000","2016-04-27T00:00:00.000","""M.F.I. CONSTRUCTION LLC""","2016-04-27T00:00:00.000","Alteration","10400","10400","2017-03-14T00:00:00.000","291.39","2016-03-14T00:00:00.000","CINCINNATI","39.1860518833672","http://cagis.hamilton-co.org/opal/apd.aspx?QSPerm=2016P01606","-84.5684269975597","5260 COLERAIN AV","CINCINNATI","OH","45223","RCO","Residential","2016P01606","CBPCBCP","Building","""022700010070""","""1-2-3 FM""","CLOSED","Permit Finaled","0","1","RALT","Existing"
"2016-04-12T00:00:00.000",,"""DETZEL DESIGN & BUILD""",,"Alteration","40000","40000","2017-04-27T00:00:00.000","730.09","2016-04-27T00:00:00.000","CINCINNATI","39.1051064428554","http://cagis.hamilton-co.org/opal/apd.aspx?QSPerm=2016P03077","-84.5632797379057","736 CONSIDINE AV","CINCINNATI","OH","45205","RCO","Residential","2016P03077","CBPCBCP","Building","""017800250052""","""1-2-3 FM""","ISSUED","Permit Issued","0","1","RALT","Existing"
"2015-11-09T00:00:00.000","2016-04-27T00:00:00.000","""SEEGER GLASS CO., INC.""","2016-04-27T00:00:00.000","Alteration","5000","5000","2016-11-30T00:00:00.000","314.72","2015-12-01T00:00:00.000","CINCINNATI","39.1074063064498","http://cagis.hamilton-co.org/opal/apd.aspx?QSPerm=2015P09413","-84.5113537335238","1029 MAIN ST","CINCINNATI","OH","45202","OBC","Non-Residential","2015P09413","CBPCBCP","Building","""007900010114""","""B""","CLOSED","Permit Finaled","0","0","CALT","Existing"
"2016-04-25T00:00:00.000",,"""RICH MACKNIGHT/ K W MECHANICALS INC""",,"Plumbing Permits","785","785","2017-04-27T00:00:00.000","43.43","2016-04-27T00:00:00.000","CINCINNATI","39.1028485446756","http://cagis.hamilton-co.org/opal/apd.aspx?QSPerm=2016P02927","-84.5123936256474","26 E 6TH ST","CINCINNATI","OH","45202","RCO","Residential","2016P02927","CBPCPLGW","Plumbing Permits","""007700020267""","""1-2-3 FM""","ISSUED","Permit Issued",,"1","RRPL","Existing"
"2015-12-18T00:00:00.000","2015-12-23T00:00:00.000","""JACOBS MECHANICAL INC""","2016-04-27T00:00:00.000","Alteration","50000","50000","2016-12-29T00:00:00.000","2303.5","2015-12-30T00:00:00.000","CINCINNATI","39.1030945339979","http://cagis.hamilton-co.org/opal/apd.aspx?QSPerm=2015P10361","-84.5064438517694","418 E 5TH ST","CINCINNATI","OH","45202","OBC","Non-Residential","2015P10361","CBPCBCP","Building","""007800030060""","""B""","CLOSED","Permit Finaled","0","0","CALT","Existing"
"2015-05-21T00:00:00.000","2016-04-27T00:00:00.000","""MIAMI VALLEY GARAGES""","2016-04-27T00:00:00.000","Misc. Structures","16000","16000","2016-06-28T00:00:00.000","339.07","2015-06-29T00:00:00.000","CINCINNATI","39.1503226649302","http://cagis.hamilton-co.org/opal/apd.aspx?QSPerm=2015P04160","-84.4413028960289","2725 HYDE PARK AV","CINCINNATI","OH","45209","RCO","Residential","2015P04160","CBPCBCP","Building","""004000030079""","""1-2-3 FM""","CLOSED","Permit Finaled","0","1","RACCESS","Existing"
"2015-12-02T00:00:00.000",,"""JTM CONSTRUCTION""","2016-04-27T00:00:00.000","Excavation/Fill","0","0","2016-04-26T00:00:00.000","287.02","2015-12-28T00:00:00.000","CINCINNATI","39.1723982147267","http://cagis.hamilton-co.org/opal/apd.aspx?QSPerm=2015P10023","-84.5131009631446","609 ORIENT AV","CINCINNATI","OH","45232","RCO","Residential","2015P10023","CBPCWRC","Excavation/Fill","""022000580030""","""1-2-3 FM""","CLOSED","Permit Finaled",,"0","RDMO","Existing"
"2016-04-27T00:00:00.000",,"""VFP FIRE SYSTEMS""",,"Fire Protection Systems","0","0",,"84",,"CINCINNATI","39.1004132183305","http://cagis.hamilton-co.org/opal/apd.aspx?QSPerm=2016P03478","-84.5104559177245","120 E 4TH ST","CINCINNATI","OH","45202","OBC","Non-Residential","2016P03478","CBPCSUP","Fire Protection Systems","""008300010180""","""B""","ROUTE","In Review",,"0","CALT","Existing"
"2015-07-01T00:00:00.000",,"""BAUSCHER CONSTRUCTION & REMODELING INC""","2016-04-27T00:00:00.000","HVAC","10000","10000","2016-08-18T00:00:00.000","3835.92","2015-08-19T00:00:00.000","CINCINNATI","39.132680725736","http://cagis.hamilton-co.org/opal/apd.aspx?QSPerm=2015P05483","-84.442109935237","7 FAR HILLS DR","CINCINNATI","OH","45208","RCO","Residential","2015P05483","CBPCBCP","HVAC","""004600090027""","""1-2-3 FM""","CLOSED","Permit Finaled",,"0","RADD","Existing"
"2016-04-27T00:00:00.000",,"""HENRY HOFMEYER/ HOFMEYER AND SONS INC""",,"Plumbing Permits","1000","1000","2017-04-27T00:00:00.000","83.43","2016-04-27T00:00:00.000","CINCINNATI","39.1585497230697","http://cagis.hamilton-co.org/opal/apd.aspx?QSPerm=2016P02941","-84.4273567938183","3204 VANDERCAR WY","CINCINNATI","OH","45209","OBC","Non-Residential","2016P02941","CBPCPLGW","Plumbing Permits","""005100010084""","""B""","ISSUED","Permit Issued",,"0","CRPL","Existing"
"2016-04-27T00:00:00.000",,"""QUALITY SIGNS & SERVICE CO""",,"Signs","0","0",,"84",,"CINCINNATI","39.1430967360702","http://cagis.hamilton-co.org/opal/apd.aspx?QSPerm=2016P03468","-84.5412660247046","3250 SPRING GROVE AV","CINCINNATI","OH","45225","OBC","Non-Residential","2016P03468","CBPCSGN","Signs","""019000280021""","""F-2""","ROUTE","In Review",,"0","COMM","Existing"
"2015-10-26T00:00:00.000","2016-04-27T00:00:00.000","""SIGNET SERVICES INC.""","2016-04-27T00:00:00.000","Alteration","10000","10000","2016-12-20T00:00:00.000","1036.44","2015-12-21T00:00:00.000","CINCINNATI","39.1097984281277","http://cagis.hamilton-co.org/opal/apd.aspx?QSPerm=2015P09071","-84.564601813921","3301 WARSAW AV","CINCINNATI","OH","45205","OBC","Non-Residential","2015P09071","CBPCBCP","Building","""017500170137""","""B""","CLOSED","Permit Finaled","0","0","CALT","Existing"
"2015-07-01T00:00:00.000","2016-04-27T00:00:00.000","""BAUSCHER CONSTRUCTION & REMODELING INC""","2016-04-27T00:00:00.000","Addition","400000","400000","2016-08-18T00:00:00.000","3835.92","2015-08-19T00:00:00.000","CINCINNATI","39.132680725736","http://cagis.hamilton-co.org/opal/apd.aspx?QSPerm=2015P05483","-84.442109935237","7 FAR HILLS DR","CINCINNATI","OH","45208","RCO","Residential","2015P05483","CBPCBCP","Building","""004600090027""","""1-2-3 FM""","CLOSED","Permit Finaled","0","1","RADD","Existing"
"2016-04-15T00:00:00.000",,"""KINGS ELECTRIC SERVICES""",,"Fire Protection Systems","2500","2500","2017-04-27T00:00:00.000","326.72","2016-04-27T00:00:00.000","CINCINNATI","39.1596655212329","http://cagis.hamilton-co.org/opal/apd.aspx?QSPerm=2016P03171","-84.4235036063342","3500 MADISON RD","CINCINNATI","OH","45209","OBC","Non-Residential","2016P03171","CBPCFAP","Fire Protection Systems","""005100010008""","""A-3 (1)""","ISSUED","Permit Issued","0","0","CALT","Existing"
"2015-08-12T00:00:00.000",,"""CORCORAN & HARNIST HEATING & AIR""","2016-04-27T00:00:00.000","HVAC","6000","6000","2016-08-13T00:00:00.000","166.65","2015-08-14T00:00:00.000","CINCINNATI","39.1657151555632","http://cagis.hamilton-co.org/opal/apd.aspx?QSPerm=2015P06148","-84.5344191004236","4265 CHAMBERS ST","CINCINNATI","OH","45223","RCO","Residential","2015P06148","CBPCMCHR","HVAC","""022100200207""","""1-2-3 FM""","CLOSED","Permit Finaled",,"2","RR12","Existing"
"2016-04-27T00:00:00.000",,"""THOMAS C WALZ / DENIER ELECTRIC""",,"Fire Protection Systems","0","0",,"84",,"CINCINNATI","39.0986665047551","http://cagis.hamilton-co.org/opal/apd.aspx?QSPerm=2016P03482","-84.5155165561159","312 ELM ST","CINCINNATI","OH","45202","OBC","Non-Residential","2016P03482","CBPCFAP","Fire Protection Systems","""014500010273""","""B""","ROUTE","In Review","0","0","CALT","Existing"
"2015-09-29T00:00:00.000",,,"2016-04-27T00:00:00.000","Excavation/Fill","0","0","2016-09-29T00:00:00.000","1789","2015-09-30T00:00:00.000","CINCINNATI","39.1356589568214","http://cagis.hamilton-co.org/opal/apd.aspx?QSPerm=2015P08080","-84.4301956902654","3004 SPRINGER AV","CINCINNATI","OH","45208","RCO","Residential","2015P08080","CBPCBCP","Excavation/Fill","""004300030119""","""1-2-3 FM""","CLOSED","Permit Finaled",,"0","RADD","Existing"
"2016-04-20T00:00:00.000",,"""RICHARD ROBINSON/ THOMPSON HEATING CORP""",,"Plumbing Permits","2334.27","2334.27","2017-04-27T00:00:00.000","43.43","2016-04-27T00:00:00.000","CINCINNATI","39.1571866287962","http://cagis.hamilton-co.org/opal/apd.aspx?QSPerm=2016P02901","-84.4901707887646","3934 LEYMAN DR","CINCINNATI","OH","45229","RCO","Residential","2016P02901","CBPCPLGW","Plumbing Permits","""01150A030004""","""1-2-3 FM""","ISSUED","Permit Issued",,"1","RRPL","Existing"
"2016-04-27T00:00:00.000",,"""MILLAY  & CO""",,"HVAC","45000","45000",,"168",,"CINCINNATI","39.1215496410148","http://cagis.hamilton-co.org/opal/apd.aspx?QSPerm=2016P03480","-84.537160747335","2142 WESTERN AV","CINCINNATI","OH","45214","OBC","Non-Residential","2016P03480","CBPCBCP","HVAC","""018600060106""","""F-1""","ROUTE","In Review",,"0","CALT","Existing"
"2016-04-27T00:00:00.000",,"""T J WOLFER CONSTRUCTION""",,"Repair","0","0",,"84",,"CINCINNATI","39.1431930335552","http://cagis.hamilton-co.org/opal/apd.aspx?QSPerm=2016P03477","-84.419878924768","3662 HERSCHEL AV","CINCINNATI","OH","45208","OBC","Non-Residential","2016P03477","CBPCBCP","Building","""003800030089""","""1-2-3 FM""","ROUTE","In Review","0","4","RRPR","Existing"
"2016-01-07T00:00:00.000",,"""DESIGN BUILD GENERAL CONTRACTOR""",,"HVAC","20000","20000","2017-04-27T00:00:00.000","7480.35","2016-04-27T00:00:00.000","CINCINNATI","39.1120460914536","http://cagis.hamilton-co.org/opal/apd.aspx?QSPerm=2016P00385","-84.5171302484243","1514 RACE ST","CINCINNATI","OH","45202","OBC","Non-Residential","2016P00385","CBPCBCP","HVAC","""008100040266""","""R-3""","ISSUED","Permit Issued",,"0","CNEW","New"
"2016-04-26T00:00:00.000",,"""PREFERRED FIRE PROTECTION INC""",,"Fire Protection Systems","0","0",,"84",,"CINCINNATI","39.1499235162179","http://cagis.hamilton-co.org/opal/apd.aspx?QSPerm=2016P03439","-84.4724391883133","1624 HERALD AV","CINCINNATI","OH","45207","OBC","Non-Residential","2016P03439","CBPCSUP","Fire Protection Systems","""005900010005""","""A-4""","ROUTE","In Review",,"0","CALT","Existing"
"2016-04-27T00:00:00.000",,"""JOSEPH J HALPIN/HALPIN  PLUMBING INC""",,"Plumbing Permits","50000","50000",,"868.29",,"CINCINNATI","39.1414789876909","http://cagis.hamilton-co.org/opal/apd.aspx?QSPerm=2016P02951","-84.5384647093791","3206 COLERAIN AV","CINCINNATI","OH","45225","OBC","Non-Residential","2016P02951","CBPCPLGW","Plumbing Permits","""018900240007""","""R-2""","APPROVED","Approved",,"0","CNEW","New"
"2015-01-27T00:00:00.000",,"""PEOPLE WORKING COOPERATIVELY""","2016-04-27T00:00:00.000","HVAC","3600","3600","2016-01-28T00:00:00.000","77.77","2015-01-28T00:00:00.000","CINCINNATI","39.1948015439348","http://cagis.hamilton-co.org/opal/apd.aspx?QSPerm=2015P00279","-84.5455142165751","5712 HAMILTON AV","CINCINNATI","OH","45224","RCO","Residential","2015P00279","CBPCMCHR","HVAC","""023400020016""","""1-2-3 FM""","CLOSED","Permit Finaled",,"1","RR12","Existing"
"2016-03-23T00:00:00.000",,"""TODD M BELMONT/ PERRY KELLY PLUMBING""",,"Plumbing Permits","10000","10000","2017-04-27T00:00:00.000","544.39","2016-04-27T00:00:00.000","CINCINNATI","39.1213502184556","http://cagis.hamilton-co.org/opal/apd.aspx?QSPerm=2016P01747","-84.4420685113339","3218 GOLDEN AV","CINCINNATI","OH","45208","RCO","Residential","2016P01747","CBPCPLGW","Plumbing Permits","""003000020131""","""1-2-3 FM""","ISSUED","Permit Issued",,"1","RNEW","New"
"2016-04-27T00:00:00.000",,"""STEVEN A. BOERGER/RECKER AND BOERGER""",,"Plumbing Permits","729.99","729.99","2017-04-27T00:00:00.000","43.43","2016-04-27T00:00:00.000","CINCINNATI","39.1506276901655","http://cagis.hamilton-co.org/opal/apd.aspx?QSPerm=2016P02945","-84.4206780398248","3420 N CLUBCREST AV","CINCINNATI","OH","45209","RCO","Residential","2016P02945","CBPCPLGW","Plumbing Permits","""003900020131""","""1-2-3 FM""","ISSUED","Permit Issued",,"1","RRPL","Existing"
"2016-04-14T00:00:00.000",,"""REDMONT DEVELOPMENT CORP""",,"Repair","15000","15000","2017-04-27T00:00:00.000","831","2016-04-27T00:00:00.000","CINCINNATI","39.1434566795859","http://cagis.hamilton-co.org/opal/apd.aspx?QSPerm=2016P03119","-84.5216640366983","359 LUDLOW AV","CINCINNATI","OH","45220","OBC","Non-Residential","2016P03119","CBPCBCP","Building","""021400040112""","""R-2""","ISSUED","Permit Issued","0","52","RRPR","Existing"
"2016-04-27T00:00:00.000",,,,"Alteration","0","0",,"84",,"CINCINNATI","39.1463824027538","http://cagis.hamilton-co.org/opal/apd.aspx?QSPerm=2016P03494","-84.4892230373014","3556 READING RD","CINCINNATI","OH","45229","OBC","Non-Residential","2016P03494","CBPCBCP","Building","""010800010023""","""E""","ROUTE","In Review","0","0","CALT","Existing"
"2016-04-21T00:00:00.000",,"""THOMAS E GALBRAITH HEATING & COOLING""",,"HVAC","3424","3424","2017-04-27T00:00:00.000","78.78","2016-04-27T00:00:00.000","CINCINNATI","39.1538646050337","http://cagis.hamilton-co.org/opal/apd.aspx?QSPerm=2016P02316","-84.4207347375528","4169 SHEREL LN","CINCINNATI","OH","45209","RCO","Residential","2016P02316","CBPCMCHR","HVAC","""005000070079""","""1-2-3 FM""","ISSUED","Permit Issued",,"1","RR12","Existing"
"2016-04-27T00:00:00.000",,"""COWAN'S CUSTOM CARPENTRY, INC""",,"Alteration","1000","1000","2017-04-27T00:00:00.000","254.13","2016-04-27T00:00:00.000","CINCINNATI","39.1438556150823","http://cagis.hamilton-co.org/opal/apd.aspx?QSPerm=2016P03475","-84.5967722447051","2881 DIRHEIM AV","CINCINNATI","OH","45211","RCO","Residential","2016P03475","CBPCBCP","Building","""02080B570013""","""1-2-3 FM""","ISSUED","Permit Issued","0","1","RALT","Existing"
"2016-04-27T00:00:00.000",,"""OWNER""",,"Alteration","5000","5000","2017-04-27T00:00:00.000","246.35","2016-04-27T00:00:00.000","CINCINNATI","39.1142922164864","http://cagis.hamilton-co.org/opal/apd.aspx?QSPerm=2016P03473","-84.6864518757614","254 TWAIN AV","CINCINNATI","OH","45233","RCO","Residential","2016P03473","CBPCBCP","Building","""016500010039""","""1-2-3 FM""","ISSUED","Permit Issued","0","1","RALT","Existing"
"2016-04-01T00:00:00.000",,"""OHIO DISMANTLE""",,"Wrecking","17000","17000","2016-08-25T00:00:00.000","189.06","2016-04-27T00:00:00.000","CINCINNATI","39.1341398905881","http://cagis.hamilton-co.org/opal/apd.aspx?QSPerm=2016P02810","-84.4915883987659","3042 STANTON AV","CINCINNATI","OH","45206","OBC","Non-Residential","2016P02810","CBPCWRC","Wrecking","""006500010120""","""S-1""","ISSUED","Permit Issued","1320","1","CDMO","Existing"
"2016-04-01T00:00:00.000",,"""JB SALES""","2016-04-27T00:00:00.000","Wrecking","4500","4500","2016-08-05T00:00:00.000","322.37","2016-04-07T00:00:00.000","CINCINNATI","39.0723259034387","http://cagis.hamilton-co.org/opal/apd.aspx?QSPerm=2016P02771","-84.4118682892175","5 FAIRWAY LN","CINCINNATI","OH","45228","RCO","Residential","2016P02771","CBPCWRC","Wrecking","""000700030049""","""1-2-3 FM""","CLOSED","Permit Finaled","2688","1","RDMO","Existing"
"2016-04-25T00:00:00.000",,"""RICH MACKNIGHT/ K W MECHANICALS INC""",,"Plumbing Permits","1169.87","1169.87","2017-04-27T00:00:00.000","43.43","2016-04-27T00:00:00.000","CINCINNATI","39.1277117586984","http://cagis.hamilton-co.org/opal/apd.aspx?QSPerm=2016P02926","-84.4159268400575","3584 HEEKIN AV","CINCINNATI","OH","45208","RCO","Residential","2016P02926","CBPCPLGW","Plumbing Permits","""002000010136""","""1-2-3 FM""","ISSUED","Permit Issued",,"1","RRPL","Existing"
"2016-03-29T00:00:00.000",,"""RECKER AND BOERGER""","2016-04-27T00:00:00.000","HVAC","0","0","2017-03-29T00:00:00.000","78.78","2016-03-29T00:00:00.000","CINCINNATI","39.1980451027738","http://cagis.hamilton-co.org/opal/apd.aspx?QSPerm=2016P02717","-84.5300257946546","5986 WALDWAY LN","CINCINNATI","OH","45224","RCO","Residential","2016P02717","CBPCMCHR","HVAC","""023700010277""","""1-2-3 FM""","CLOSED","Permit Finaled",,"1","RR12","Existing"
"2016-04-21T00:00:00.000",,"""JOSEPH J HALPIN/HALPIN  PLUMBING INC""",,"Plumbing Permits","9000","9000","2017-04-27T00:00:00.000","294.92","2016-04-27T00:00:00.000","CINCINNATI","39.1450433989702","http://cagis.hamilton-co.org/opal/apd.aspx?QSPerm=2016P02909","-84.4539452598627","3644 TAMARACK AV","CINCINNATI","OH","45207","RCO","Residential","2016P02909","CBPCPLGW","Plumbing Permits","""004200040149""","""1-2-3 FM""","ISSUED","Permit Issued",,"1","RNEW","New"
"2016-01-07T00:00:00.000",,"""DESIGN BUILD GENERAL CONTRACTOR""",,"New Building","1150000","1150000","2017-04-27T00:00:00.000","7480.35","2016-04-27T00:00:00.000","CINCINNATI","39.1120460914536","http://cagis.hamilton-co.org/opal/apd.aspx?QSPerm=2016P00385","-84.5171302484243","1514 RACE ST","CINCINNATI","OH","45202","OBC","Non-Residential","2016P00385","CBPCBCP","Building","""008100040266""","""R-3""","ISSUED","Permit Issued","10088","3","CNEW","New"
"2012-10-05T00:00:00.000",,,"2016-04-27T00:00:00.000","Misc. Structures","28000","28000","2013-11-16T00:00:00.000","539.41","2012-11-16T00:00:00.000","CINCINNATI","39.1689610837528","http://cagis.hamilton-co.org/opal/apd.aspx?QSPerm=2012P07368","-84.5131859665179","4460 MITCHELL AV","CINCINNATI","OH",,"OBC","Non-Residential","2012P07368","CBPCWALL","Misc. Structures","""022300040030""","""F-2""","CLOSED","Permit Finaled",,"0","COMM","Existing"
"